id,domain,status,purchase_price,renewal_price,attractiveness,demand,length,registrar,created_at,expires_at,status_verified_at
73124ae3-0169-4d13-9294-a2aa1dc7b809,screw.diet,available,104.99,114.99,high,low,5,namesilo,,,18/08/2026 17:26
eec78fc6-f657-4895-9e9a-10706c991cfd,adi.diet,available,104.99,114.99,high,low,3,namesilo,,,28/09/2026 16:16
5404453d-a662-47bf-a9c6-a5a90711bb9c,reduce.diet,available,104.99,114.99,high,low,6,namesilo,,,24/09/2026 08:28
7d1b263d-1bdc-473d-b039-fb273e8ab38d,jillion.diet,available,108.98,159.98,medium,low,7,namecheap,,,11/09/2026 19:52
9a33c21b-c0e3-4491-a22e-7e55e3f9f10f,volt.diet,available,104.99,114.99,high,low,4,namesilo,,,13/09/2026 00:34
16775749-ffe7-40aa-8451-55538c8df6e2,pools.diet,available,104.99,114.99,high,low,5,namesilo,,,16/09/2026 13:57
e6a212e5-4d14-4233-89c5-3414cd9db312,oregon.diet,available,104.99,114.99,high,low,6,namesilo,,,29/09/2026 01:45
7ff18b83-638f-45ee-b745-1a201bf3c128,cometic.diet,available,108.98,159.98,medium,low,7,namecheap,,,12/08/2026 18:58
46945660-13ff-46de-9e57-a4609f62903a,rush.diet,premium,2660,2660,high,low,4,namesilo,,,24/09/2026 18:44
f5b0f918-3857-40b0-8b85-c7c5dd07af2a,village.diet,available,108.98,159.98,high,low,7,namecheap,,,25/09/2026 06:43
6cf8d76e-5158-4d69-a402-a4bed10759cf,beech.diet,available,104.99,114.99,high,low,5,namesilo,,,23/09/2026 00:02
943c98d0-e478-4c57-b6a6-a5b6773c51f7,pennyroyal.diet,available,108.98,159.98,medium,low,10,namecheap,,,18/09/2026 20:31
f0dcd747-cda2-453a-b883-6fbaaff358bc,advances.diet,available,107.22,107.22,medium,low,8,dynadot,,,28/09/2026 23:36
9795ec3b-507d-4e1c-a1fd-a0e1910549cb,metcalf.diet,available,103.5,103.5,medium,low,7,porkbun,,,28/09/2026 18:20
fd452f65-42cb-4113-a706-72895af24c5c,marginal.diet,available,104.99,114.99,high,low,8,namesilo,,,23/09/2026 00:04
9e8cc9f3-c883-4520-a780-22afc34336c8,power.diet,available,104.99,114.99,high,medium,5,namesilo,,,08/09/2026 07:25
9fbc0107-6b2e-45da-b0b6-ae79e8fa9a2c,striate.diet,available,104.99,114.99,medium,low,7,namesilo,,,10/09/2026 22:36
0dd2cca5-fa8d-4477-8285-3c027903bd2a,nps.diet,available,100.2,100.2,high,low,3,cloudflare,,,28/09/2026 16:21
6bab1158-7488-48ec-bb59-74268c0eaba8,arenaria.diet,available,104.99,114.99,medium,low,8,namesilo,,,20/09/2026 03:39
8a171d06-e44b-4e12-a7bf-209dccb92d85,swimmingly.diet,available,104.99,114.99,medium,low,10,namesilo,,,16/09/2026 02:58
eb2eab33-2841-4a7a-afd2-2b2ef16169ff,song.diet,available,104.99,114.99,high,low,4,namesilo,,,29/09/2026 02:49
585ff086-67f9-4aa3-83d3-316dc87ac1b9,depart.diet,available,100.2,100.2,high,low,6,cloudflare,,,28/09/2026 20:27
e04e577b-4095-4c9d-b0a0-989129192d0f,spicate.diet,available,104.99,114.99,high,medium,7,namesilo,,,10/09/2026 15:34
5e804ba2-4d7a-4102-96f6-6479337ca378,touchable.diet,available,104.99,114.99,high,low,9,namesilo,,,11/09/2026 07:57
f7fe2043-9ce8-4527-8b10-1841f1cc8d9c,rangers.diet,available,104.99,114.99,high,medium,7,namesilo,,,28/09/2026 13:30
22390ce3-3b2d-42f3-958d-8c0f99e5e858,squanderer.diet,available,104.99,114.99,medium,low,10,namesilo,,,09/09/2026 02:39
613324d4-d43d-4674-a76b-bf7210dcb51f,practicality.diet,available,104.99,114.99,high,low,12,namesilo,,,16/09/2026 09:33
0c996407-cd4c-47c5-a8f4-8db6b623a5e0,bicycling.diet,available,104.99,114.99,high,low,9,namesilo,,,23/09/2026 13:28
f468919d-77f5-4338-8e60-df0091f3fc89,airdrop.diet,available,104.99,114.99,high,low,7,namesilo,,,17/09/2026 23:06
10367af1-7ba9-46f7-9d22-f9973a91bbb1,foodie.diet,available,104.99,114.99,high,low,6,namesilo,,,17/08/2026 10:47
c85aa2da-4f50-4ca8-b23b-22337da875b4,surprisingly.diet,available,104.99,114.99,high,low,12,namesilo,,,
d6bb18fc-c944-4043-b853-0d0920658584,braided.diet,available,104.99,114.99,high,low,7,namesilo,,,11/08/2026 01:28
03ceb0cc-4e50-4d7b-ac86-7394202d5434,uncharged.diet,available,104.99,114.99,medium,low,9,namesilo,,,12/09/2026 05:06
9151c475-c146-4d15-81bd-fcfbd9e5db02,petition.diet,available,104.99,114.99,high,low,8,namesilo,,,28/09/2026 10:38
b7840640-ddfd-4546-ad48-4eeb02c34160,welds.diet,available,108.98,159.98,medium,low,5,namecheap,,,20/09/2026 14:08
4e6a45b9-8ddd-40f2-bf7e-2ce91db15923,funny.diet,available,104.99,114.99,high,low,5,namesilo,,,23/09/2026 15:21
39b4d05a-18a2-4f51-aca8-4fd1f49bb5e6,maginot.diet,available,108.98,159.98,medium,low,7,namecheap,,,19/09/2026 04:15
71496cc5-85c6-4921-9ca6-56d3761b0394,doll.diet,available,108.98,159.98,high,low,4,namecheap,,,25/09/2026 04:37
75e5cdc3-3d7a-41a6-ad8c-aaa72aa918ab,yeltsin.diet,available,107.22,107.22,medium,low,7,dynadot,,,28/09/2026 22:09
5624f7b8-8dc3-45e9-8d88-bf8585d14bb9,corrosive.diet,available,104.99,114.99,medium,low,9,namesilo,,,13/08/2026 02:07
4ccce4de-d8ed-4af1-b73d-660a6bb5c247,crownless.diet,available,104.99,114.99,medium,low,9,namesilo,,,13/08/2026 08:38
e097e2e5-37ef-414a-82df-36a8f6cff4f5,offenses.diet,available,104.99,114.99,low,low,8,namesilo,,,20/09/2026 10:35
e3d4eed4-7e33-4435-adae-1b1200dc2559,hurd.diet,available,93.35,103.4,medium,low,4,spaceship,,,28/09/2026 22:24
a25b9992-f0b6-4209-aabf-87f307a03b92,characteristics.diet,available,104.99,114.99,medium,low,15,namesilo,,,
65fb306b-4c6a-4a8f-b832-6b4970834e07,frictional.diet,available,104.99,114.99,medium,low,10,namesilo,,,18/08/2026 15:28
6c0c89c2-7a7d-4e1c-9bbe-d347be79fc41,clearance.diet,available,104.99,114.99,high,low,9,namesilo,,,08/09/2026 08:11
3e202b35-0f66-4226-ab3b-9969338705ca,billiards.diet,available,104.99,114.99,high,low,9,namesilo,,,23/09/2026 16:23
1c6a5c2f-8880-4c99-9b21-ee7be26ce9e3,chipper.diet,available,104.99,114.99,high,low,7,namesilo,,,12/08/2026 05:56
49d2fab5-4d9b-4d66-ae0a-82725d21e474,ellipse.diet,available,108.98,159.98,high,low,7,namecheap,,,04/09/2026 19:52
e6ea3e9f-bf26-44e9-a79a-0c4a321756f0,podlike.diet,available,104.99,114.99,medium,low,7,namesilo,,,08/09/2026 22:31
d85c014e-896c-47f6-b0a7-f5a7a1c36566,bouquet.diet,available,104.99,114.99,high,low,7,namesilo,,,24/09/2026 07:35
c1be350f-a634-4088-a04b-10e623891ac8,countless.diet,available,104.99,114.99,high,low,9,namesilo,,,24/09/2026 00:28
5b308041-3798-4fa7-acd4-f11bb3c9a70a,casually.diet,available,104.99,114.99,high,low,8,namesilo,,,14/09/2026 05:25
27c5b810-5da0-42f8-8e2e-ce7a9efcfb8f,playstation.diet,available,104.99,114.99,high,high,11,namesilo,,,
d4211bcd-bf72-41bc-abd3-eaac44556c3d,dinar.diet,available,104.99,114.99,high,low,5,namesilo,,,18/09/2026 07:02
1573bb42-76e7-4717-bb7b-6c307584a354,pedro.diet,available,103.5,103.5,high,low,5,porkbun,,,28/09/2026 03:54
0eb5675b-9fc2-4262-898a-a67cb7d9eec0,locating.diet,available,104.99,114.99,high,low,8,namesilo,,,09/09/2026 00:10
5b61e2d3-ea7a-4892-82d2-03e463e3b8d8,agricola.diet,available,108.98,159.98,high,low,8,namecheap,,,17/09/2026 19:19
692bb93e-b128-4923-85a0-d10990548391,aires.diet,available,108.98,159.98,medium,low,5,namecheap,,,25/09/2026 21:54
82568b9b-05fb-4ad8-8be5-aaf0a072055e,opening.diet,available,104.99,114.99,high,low,7,namesilo,,,04/09/2026 16:15
15874d10-2a58-4cfe-b33e-21febab1df61,susanna.diet,available,104.99,114.99,high,low,7,namesilo,,,28/09/2026 01:02
1107fcdc-624a-43c0-9c4c-2ee0311a18a4,older.diet,available,104.99,114.99,high,low,5,namesilo,,,21/09/2026 22:32
2baa63ae-d55c-410d-95bf-3dc558cb889c,prenuptial.diet,available,104.99,114.99,high,low,10,namesilo,,,22/09/2026 06:05
d2701f71-6f5d-49f0-9718-280729dd6246,museum.diet,available,108.98,159.98,high,low,6,namecheap,,,25/09/2026 23:47
d2466908-516f-4f3c-a3a5-63a3aef7722b,oceanic.diet,available,104.99,114.99,high,medium,7,namesilo,,,04/09/2026 00:26
39acbb9e-588f-43fd-a717-119418dc9a7a,celibate.diet,available,104.99,114.99,high,low,8,namesilo,,,11/08/2026 23:25
df8e19bd-549b-4d47-b5a8-83217cc7f71c,skulls.diet,available,104.99,114.99,medium,low,6,namesilo,,,20/09/2026 10:31
ad22477a-1f2b-44b0-8e0e-0de3f9635e1f,mauritian.diet,available,104.99,114.99,medium,low,9,namesilo,,,24/08/2026 17:35
f5101a5b-6621-4b5e-b503-5242bd5aee04,affidavit.diet,available,93.35,103.4,medium,low,9,spaceship,,,28/09/2026 19:16
bade18fa-ef3e-4bea-b7e6-8a53f420c88d,viewer.diet,available,104.99,114.99,high,low,6,namesilo,,,
1b3f53ba-e602-4178-8f36-252cad50d887,spineless.diet,available,104.99,114.99,medium,low,9,namesilo,,,22/08/2026 08:58
45fdf399-a390-4483-a3b0-5046f6b5edb4,sedative.diet,available,104.99,114.99,high,low,8,namesilo,,,22/09/2026 10:55
2d47e8ee-ac62-47cb-b73f-d4dfba1ff3e1,belittling.diet,available,104.99,114.99,medium,low,10,namesilo,,,09/08/2026 13:10
ed5b21ec-21a5-44af-b641-08b00eaaa2f4,exonerated.diet,available,104.99,114.99,high,low,10,namesilo,,,
0f502a5e-cb9a-450e-a5a9-1fcabae50e5d,hudson.diet,premium,2660,2660,high,medium,6,namesilo,,,27/09/2026 04:25
9ef9de6b-05b9-4936-acf5-b0a6560ff4cc,buttercups.diet,available,108.98,159.98,medium,low,10,namecheap,,,20/09/2026 19:49
be6d46c5-35a8-44fb-91a3-07994a42107b,stupid.diet,available,93.35,103.4,high,low,6,spaceship,,,28/09/2026 01:43
38ec457d-9d43-4e38-bb42-657594132ccc,haunting.diet,available,104.99,114.99,medium,low,8,namesilo,,,21/08/2026 01:34
dfc60f0b-8330-4eee-acd8-b65e8e90d21b,lettered.diet,available,104.99,114.99,medium,low,8,namesilo,,,22/08/2026 16:54
24523ffa-840d-4459-a705-9e5b300cda00,meridian.diet,available,108.98,159.98,high,medium,8,namecheap,,,24/08/2026 20:46
15251c22-e9c5-4c39-a91c-d901d5e818e2,chiefs.diet,premium,2600,2600,medium,low,6,namecheap,,,18/09/2026 03:19
36a268de-2f1e-41ed-914c-3702a959505e,galilean.diet,available,108.98,159.98,medium,low,8,namecheap,,,18/08/2026 19:37
14e01529-34c9-4350-a5db-f44eb1bf64a8,cat.diet,premium,845,845,high,high,3,namecheap,,,27/09/2026 21:47
36854876-255a-40f4-8360-1b5cb896e1d2,ajax.diet,available,104.99,114.99,high,low,4,namesilo,,,17/09/2026 23:41
5a4aaec3-6f90-4536-a2d1-46e909b4cba4,emoji.diet,available,104.99,114.99,high,low,5,namesilo,,,
91ccafe9-f13c-448f-b373-c70be959d8d0,dromedary.diet,available,104.99,114.99,medium,low,9,namesilo,,,19/09/2026 23:32
e51b100c-a0e9-4f2c-89dd-c05feb77bc48,yule.diet,available,104.99,114.99,high,low,4,namesilo,,,24/09/2026 14:52
8105175e-7889-4a65-b68e-c407d90521a5,steadily.diet,available,104.99,114.99,medium,low,8,namesilo,,,10/09/2026 19:32
88fafe34-9e83-479c-b579-5947aa750c94,banyan.diet,available,104.99,114.99,high,low,6,namesilo,,,22/09/2026 02:04
453b783b-8cd8-4573-adae-c88394fdb3a2,trenton.diet,available,108.98,159.98,high,low,7,namecheap,,,24/09/2026 12:19
5d285b5f-95e5-4c6b-8c65-c14993620690,kicked.diet,available,108.98,159.98,medium,low,6,namecheap,,,25/09/2026 19:40
38909dba-e675-4293-b25c-04f9c164a92f,elastic.diet,available,104.99,114.99,high,low,7,namesilo,,,16/08/2026 00:43
8c4ab330-ab3b-404e-836c-bd2933bbe543,equation.diet,available,93.35,103.4,high,low,8,spaceship,,,28/09/2026 19:06
ffa93178-7408-442c-ac0a-f787ecaeb475,solidified.diet,available,104.99,114.99,medium,low,10,namesilo,,,10/09/2026 13:41
4a843eed-519e-40a1-9da5-b8639753323e,aquilegia.diet,available,108.98,159.98,medium,low,9,namecheap,,,19/09/2026 23:13
a9a91530-2d32-4e0e-a5e4-1d2806f81443,amendment.diet,available,108.98,159.98,high,low,9,namecheap,,,18/09/2026 18:38
ce72962b-5765-4630-a0c3-269e9dad38ff,shorted.diet,available,108.98,159.98,medium,low,7,namecheap,,,20/09/2026 16:13
4897817d-3d2d-4c62-9a23-830dbc07dadf,seminar.diet,available,104.99,114.99,high,low,7,namesilo,,,28/09/2026 06:44
dac578f2-a20c-4aec-a66f-0e0a5aa61f8f,gar.diet,available,108.98,159.98,medium,low,3,namecheap,,,23/09/2026 16:11
8a0ea5e8-544e-4145-b0f2-75459ff6bf03,keen.diet,premium,2660,2660,high,low,4,namesilo,,,22/09/2026 16:55
3f49cecf-121a-4cc9-9b65-47394efb7bf1,hulky.diet,available,104.99,114.99,medium,low,5,namesilo,,,21/08/2026 14:48
05f1a337-31c5-426d-b88a-4a02e8c0d8ff,normative.diet,available,108.98,159.98,medium,low,9,namecheap,,,03/09/2026 21:19
59b8c438-b588-423a-a987-2f0d3d4a0931,ips.diet,available,93.35,103.4,high,low,3,spaceship,,,29/09/2026 03:50
10ce9666-472b-496e-87be-9f6592aece01,vivace.diet,available,104.99,114.99,high,low,6,namesilo,,,13/09/2026 06:22
e80660a9-e50c-423e-b009-00c39283925c,butterflies.diet,available,104.99,114.99,high,low,11,namesilo,,,16/09/2026 12:02
f226b3b9-1dfa-4561-b68e-e98a02fd0d34,reformed.diet,available,104.99,114.99,high,low,9,namesilo,,,09/09/2026 10:53
c284aaa6-6fee-4b62-b440-bed55b3e8fcc,popcorn.diet,available,93.35,103.4,high,medium,7,spaceship,,,28/09/2026 20:12
90458b7c-737a-4e3c-a0d0-e771c8138d1e,flighty.diet,available,104.99,114.99,medium,low,7,namesilo,,,18/08/2026 08:11
bf058554-3621-4e1b-9e1b-cf1cab8719ef,casualty.diet,available,103.5,103.5,medium,low,8,porkbun,,,28/09/2026 18:35
98a75c83-6270-46e7-861a-96198bd68f82,chalky.diet,available,104.99,114.99,medium,low,6,namesilo,,,11/08/2026 13:39
bc4d923a-f4b8-4864-a626-69e0030bb9f7,encyclical.diet,available,104.99,114.99,medium,low,10,namesilo,,,17/08/2026 00:42
209b21b6-1f1b-44eb-913f-dfd70362313f,feverish.diet,available,104.99,114.99,medium,low,8,namesilo,,,18/08/2026 00:29
7561cd46-d6ba-4f06-8c07-57b60f3892fc,swazi.diet,available,104.99,114.99,high,low,5,namesilo,,,11/09/2026 05:27
4c58168c-e277-4571-8f74-dc4a44eed5b3,asks.diet,available,104.99,114.99,medium,low,4,namesilo,,,25/09/2026 17:36
111a119f-e0bc-4067-976c-3bb220f07cde,intestate.diet,available,104.99,114.99,medium,low,9,namesilo,,,22/08/2026 08:24
99f89c56-125b-45d3-9dbe-d5b7d10515b9,assured.diet,available,104.99,114.99,high,low,7,namesilo,,,07/08/2026 08:21
93af4b7f-0e03-40f6-935c-a803ab178e68,selkirk.diet,available,299.99,299.99,medium,low,7,name.com,,,18/09/2026 05:50
2a39162f-5fcb-4074-96d0-4a85b9657260,inhumane.diet,available,104.99,114.99,medium,low,8,namesilo,,,22/08/2026 05:17
49ee700f-4862-4b51-a373-11cf36730070,discovered.diet,available,104.99,114.99,high,low,10,namesilo,,,22/09/2026 09:21
4bd0dbff-97ce-4dad-a2d8-9b7eaf5adb64,soursop.diet,available,104.99,114.99,high,low,7,namesilo,,,19/09/2026 10:36
d8d6912a-57a8-4440-84c3-743af78ba776,untroubled.diet,available,104.99,114.99,high,low,10,namesilo,,,10/09/2026 01:30
b79f99a2-2022-4a6d-8b50-c2f3d0dabbe9,guerilla.diet,available,104.99,114.99,high,low,8,namesilo,,,22/08/2026 10:15
124ddb66-ebb9-4742-9669-1273a26123dd,berlin.diet,premium,2600,2600,high,medium,6,namecheap,,,29/09/2026 02:06
5cbb157d-9806-465f-a604-335ea683a1cb,shoplift.diet,available,104.99,114.99,medium,low,8,namesilo,,,
e96c3edb-5769-4d84-b9ae-5604a10ebf7b,moustaches.diet,available,104.99,114.99,medium,low,10,namesilo,,,20/09/2026 09:53
b75888ce-5892-4c41-bbee-9413cb4dc194,sake.diet,available,104.99,114.99,high,low,4,namesilo,,,27/09/2026 05:08
b2c5a4a8-8fda-4ea2-97be-e2c56ffdfc9e,hasty.diet,available,104.99,114.99,medium,low,5,namesilo,,,21/08/2026 01:15
7db86313-ea32-4ff4-8deb-c92b942a2ee0,workable.diet,available,104.99,114.99,high,low,8,namesilo,,,17/08/2026 16:53
a9894f36-bdeb-44e7-808d-07d3ff93e18d,learnedly.diet,available,104.99,114.99,medium,low,9,namesilo,,,14/09/2026 16:04
44da024f-113b-45a0-9ede-e46d639150a8,security.diet,premium,2070.2,2070.2,high,medium,8,spaceship,,,28/09/2026 19:47
3137a778-7eb4-4e3c-914d-f23b729e7393,kathryn.diet,available,104.99,114.99,high,low,7,namesilo,,,27/09/2026 07:34
13694e7c-fbd8-4b9e-bbd5-821bf15a0d93,kurds.diet,available,93.35,103.4,medium,low,5,spaceship,,,28/09/2026 05:10
71526c42-b934-46c3-a0f7-5f731a0ec61c,stalemated.diet,available,299.99,299.99,medium,low,10,name.com,,,13/08/2026 19:29
f847abb2-7bec-47e3-9d6a-5be4311e3498,shang.diet,available,100.2,100.2,medium,low,5,cloudflare,,,28/09/2026 20:25
6b9cb3c8-73f5-46bc-9f8a-ec509e540f48,montevideo.diet,available,104.99,114.99,high,low,10,namesilo,,,24/09/2026 12:30
03276213-b2b1-44d8-8111-d67a81cfe7ba,assembly.diet,available,104.99,114.99,high,low,8,namesilo,,,20/09/2026 16:09
89581962-cfe8-4ac0-86e8-acbf66dad1b4,corresponding.diet,available,104.99,114.99,medium,low,13,namesilo,,,
9201753d-5b63-4457-a48f-125c51c0f09e,convoluted.diet,available,104.99,114.99,medium,low,10,namesilo,,,12/08/2026 23:59
1b3e72f1-9eb7-4912-8615-eb23896a919e,uncles.diet,available,104.99,114.99,medium,low,6,namesilo,,,20/09/2026 08:48
8a70a4af-afe4-4789-ae41-ac997ba60bd4,mouthcare.diet,available,159.98,,medium,low,9,namecheap,,,
ae3e2980-30dc-4e13-9ec3-8c1c154dfec3,cheerio.diet,available,104.99,114.99,high,low,7,namesilo,,,17/09/2026 08:13
d57c2b08-5c32-420d-9841-6997a76f7d49,governments.diet,available,107.22,107.22,low,low,11,dynadot,,,28/09/2026 23:34
fa3f11c8-8220-4075-9da3-0471c2ea0785,aspartame.diet,available,104.99,114.99,high,low,9,namesilo,,,20/09/2026 14:43
201702a1-5d3e-4b44-9e56-661cbcc05b65,dealers.diet,available,104.99,114.99,medium,low,7,namesilo,,,28/09/2026 09:08
6bad27cc-27bb-45cb-bb03-35a25db455fa,largely.diet,available,104.99,114.99,medium,low,7,namesilo,,,28/09/2026 14:55
15d57341-45aa-4938-abe3-26f1aa722c45,moonlit.diet,available,104.99,114.99,high,low,7,namesilo,,,25/08/2026 05:56
d6be54b5-1960-43ec-bea7-37c8a8786e86,arcade.diet,available,104.99,114.99,high,low,6,namesilo,,,20/09/2026 01:36
7ed7e883-36c0-4449-8461-e3fe58438785,trig.diet,available,104.99,114.99,high,low,4,namesilo,,,12/08/2026 10:13
201f9817-92c1-4820-962d-5a8b21b36e70,cybernetic.diet,available,104.99,114.99,high,low,10,namesilo,,,19/09/2026 11:38
83e6eb36-3da3-4e0c-baf7-7da6c63ceb29,climbable.diet,available,104.99,114.99,medium,low,9,namesilo,,,07/08/2026 00:10
7e167dcd-0fca-4566-8f96-158c6bd088a9,sonora.diet,available,299.99,299.99,high,low,6,name.com,,,27/09/2026 04:12
cfb775d1-99fa-479c-8659-6a0274fadd69,crowns.diet,available,104.99,114.99,medium,low,6,namesilo,,,18/09/2026 06:26
16c9859c-2bda-4b34-860f-5480ef74999d,highway.diet,available,104.99,114.99,high,low,7,namesilo,,,
fd70167a-ac22-47ce-bc95-617c9ba3cd4e,calmly.diet,available,104.99,114.99,high,low,6,namesilo,,,14/09/2026 05:04
ea2053f3-2184-46b9-9323-6b2a3600339d,carrel.diet,available,104.99,114.99,medium,low,6,namesilo,,,18/09/2026 06:05
3175e0c3-a99d-4837-8f78-3267734cc4f1,operating.diet,available,104.99,114.99,high,low,9,namesilo,,,28/09/2026 08:05
0d68f79c-dc83-4198-bc13-ec1726aad3b4,trance.diet,available,104.99,114.99,high,low,6,namesilo,,,28/09/2026 13:44
230b66c6-9f27-490b-9e7a-051099c348ef,keyboard.diet,available,104.99,114.99,high,low,8,namesilo,,,28/09/2026 19:38
d0d66a48-e465-4892-8d73-9020fb5ff807,erection.diet,premium,2070.2,2070.2,high,low,8,spaceship,,,29/09/2026 00:49
0c404931-6507-482e-8d0c-14a987a15061,kike.diet,available,104.99,114.99,high,medium,4,namesilo,,,10/09/2026 06:15
9787fff6-64b0-44de-92f9-b24d0832b577,beguiling.diet,available,104.99,114.99,high,low,9,namesilo,,,22/09/2026 01:38
a82dd70a-d8c6-43f0-855a-16dd09078f33,kobe.diet,available,103.5,103.5,high,low,4,porkbun,,,28/09/2026 02:14
c559be12-8629-4e1f-a4dd-d75a0613b6ef,babyish.diet,available,104.99,114.99,medium,low,7,namesilo,,,08/08/2026 03:53
c99c8b47-e36b-46cf-9001-8091a4c85e0e,loosely.diet,available,104.99,114.99,medium,low,7,namesilo,,,28/09/2026 13:33
89712466-a674-4ab8-90f2-8df6770fabbb,robb.diet,available,104.99,114.99,medium,low,4,namesilo,,,28/09/2026 12:14
ee6cebb5-1db8-46ac-95bc-5b0e3d202ddb,allie.diet,available,159.98,,high,low,5,namecheap,,,
cde62adf-be27-497b-a6b2-8659efce5449,dilettante.diet,available,104.99,114.99,medium,low,10,namesilo,,,14/08/2026 07:38
5ba57a57-0527-46f9-a43a-2f302b40c604,graceless.diet,available,104.99,114.99,medium,low,9,namesilo,,,18/08/2026 20:43
720d8746-f872-4d0f-8018-7dbd32373634,excitement.diet,available,104.99,114.99,high,low,10,namesilo,,,25/09/2026 05:50
b8d095d9-183e-473a-93f6-96346e1dfd16,toroidal.diet,available,108.98,159.98,medium,low,8,namecheap,,,11/09/2026 17:55
7eee21ce-6275-4f55-8e4d-d96a73f8f212,flippant.diet,available,104.99,114.99,high,low,8,namesilo,,,18/08/2026 08:32
5eae2cf4-cc88-4699-a8d9-a53b3dadc967,snapping.diet,available,104.99,114.99,high,low,8,namesilo,,,
bfce6c38-2d7f-4791-a218-5019a3dfc2c7,same.diet,available,100.2,100.2,high,low,4,cloudflare,,,27/09/2026 17:53
09d10c7b-75bc-4e43-a3ab-c34f4ca14f3b,armageddon.diet,available,104.99,114.99,high,low,10,namesilo,,,20/09/2026 06:29
9f116406-7535-4d05-ba7a-b1ad314a51eb,documental.diet,available,104.99,114.99,medium,low,10,namesilo,,,14/08/2026 14:27
b583ab10-21e2-4667-88fd-72c988ac99d7,subtly.diet,available,104.99,114.99,medium,low,6,namesilo,,,16/09/2026 07:33
361493a1-af83-47a9-ab27-3d007a402abe,semantic.diet,available,104.99,114.99,high,low,8,namesilo,,,10/09/2026 02:16
056ec72e-b1f4-4695-8e1e-0b285cd7ff6d,clowning.diet,available,104.99,114.99,high,low,8,namesilo,,,
0cab2e2b-0770-4142-a8cb-7b9d9c32511a,voice.diet,available,104.99,114.99,high,medium,5,namesilo,,,25/09/2026 09:57
7600a6aa-d6b6-4c92-9197-a1dd33d09d91,grime.diet,available,104.99,114.99,medium,low,5,namesilo,,,14/08/2026 09:15
ccd2005b-8cd9-4030-ba90-1a00912b4bd3,screechy.diet,available,104.99,114.99,medium,low,8,namesilo,,,10/09/2026 00:01
2a0972a4-961d-422e-abd0-a5dcce491dc5,stupendous.diet,available,108.98,159.98,high,low,10,namecheap,,,12/08/2026 18:00
0e2b99b3-ff39-471a-8f1e-17f3c5192862,trader.diet,available,104.99,114.99,high,low,6,namesilo,,,29/09/2026 01:10
ac85d7ce-d9eb-4351-a974-e199c0bb651c,contents.diet,available,104.99,114.99,high,low,8,namesilo,,,
ef56a7d4-8547-43a6-9439-47f1e6397f41,bankbook.diet,available,104.99,114.99,medium,low,8,namesilo,,,22/09/2026 02:44
635f1e63-5d14-4e9a-8a22-c17a6b3dc982,prissily.diet,available,108.98,159.98,low,low,8,namecheap,,,15/09/2026 21:29
efac7f46-4477-425d-b121-b8668d5c6428,finnish.diet,available,104.99,114.99,high,low,7,namesilo,,,18/08/2026 05:03
39b23d9f-f01a-441b-b72f-435152dff943,two.diet,available,104.99,114.99,high,low,3,namesilo,,,28/09/2026 12:14
31e3a17e-dec4-4b92-858e-e0227a4ad127,stranded.diet,available,104.99,114.99,high,low,8,namesilo,,,25/09/2026 17:00
56d886fb-653a-4ec9-8b66-59f5aeae6f27,splash.diet,available,107.22,107.22,high,medium,6,dynadot,,,28/09/2026 10:43
1cabb329-5e57-40af-868f-22cbcf2a7e6a,polydactyl.diet,available,104.99,114.99,medium,low,10,namesilo,,,08/09/2026 23:13
37b22816-67db-43fb-98cc-e3c21e51e9a9,moderator.diet,available,159.98,,high,low,9,namecheap,,,
c6ba7ecc-24a4-45c9-9b8e-8d922cb8fae4,douglas.diet,available,100.2,100.2,high,low,7,cloudflare,,,27/09/2026 13:08
39f237fc-847c-434f-bbb6-178931796e5c,humbug.diet,available,104.99,114.99,medium,low,6,namesilo,,,21/09/2026 23:48
beb94a36-77cf-4812-b0d6-c79d13018bdc,pursued.diet,available,104.99,114.99,high,medium,7,namesilo,,,09/09/2026 06:26
b5aba54e-8e54-44e3-9d4c-3c1e63c0e694,ahmad.diet,available,108.98,159.98,high,low,5,namecheap,,,27/09/2026 07:37
42e9be89-5dd4-48a2-9c8a-a333be73781d,ravioli.diet,available,108.98,159.98,high,low,7,namecheap,,,24/09/2026 12:37
049fcf52-2174-44c9-a1ea-84267aeae2b3,abbatial.diet,available,104.99,114.99,medium,low,8,namesilo,,,
36d7b1fa-81b5-4f28-a409-c7f9fafb7103,whopping.diet,available,104.99,114.99,high,low,8,namesilo,,,08/08/2026 13:14
f3818fde-3271-4d0a-b4f1-f84885405573,gunn.diet,available,104.99,114.99,medium,low,4,namesilo,,,27/09/2026 01:35
16bf4789-2543-423d-bf3f-7a9270b6072d,dampish.diet,available,299.99,299.99,medium,low,7,name.com,,,13/08/2026 16:41
8e5b0db2-d1ab-4391-a8e6-9b4658d0e571,dumbfound.diet,available,104.99,114.99,medium,low,9,namesilo,,,21/09/2026 17:37
c4e31974-b60c-4f6c-b6bb-b234853090d0,apocope.diet,available,108.98,159.98,medium,low,7,namecheap,,,19/09/2026 18:11
fb6f85a0-1415-41d4-9ae3-529b94c1b846,leftist.diet,available,104.99,114.99,medium,low,7,namesilo,,,12/08/2026 17:05
9862f564-8254-4abf-a10c-7934a39c6d04,segal.diet,available,107.22,107.22,medium,low,5,dynadot,,,28/09/2026 19:20
227dcf8a-e7db-4ba3-8e37-79a48f7c701c,guyanese.diet,available,104.99,114.99,high,low,8,namesilo,,,20/08/2026 21:17
7204d972-2b67-4444-9e1c-168db103e146,october.diet,available,93.35,103.4,high,low,7,spaceship,,,28/09/2026 02:51
2eab2103-b1e2-45e6-b4cf-69ca2d594d8e,kashmiri.diet,available,104.99,114.99,medium,low,8,namesilo,,,22/08/2026 15:07
423e75a1-09b6-4273-a375-48d0511522ce,farfetched.diet,available,104.99,114.99,medium,low,10,namesilo,,,17/08/2026 22:32
47d37be1-2b76-4d83-b0fe-7ed42987dd1c,provably.diet,available,104.99,114.99,medium,low,8,namesilo,,,14/09/2026 11:29
c094f44b-934e-4723-918b-7a0db8f59afb,pradesh.diet,available,104.99,114.99,high,low,7,namesilo,,,28/09/2026 03:36
a35fc191-1e16-4ad6-b55a-90c1e8f7cf94,metropolitan.diet,available,100.2,100.2,medium,low,12,cloudflare,,,29/09/2026 02:58
1bad5bd8-e210-4be6-abfe-51b24b37bc32,sunstone.diet,available,108.98,159.98,high,low,8,namecheap,,,21/09/2026 09:07
371cb0ee-0d10-4f57-939d-f017bf3fed70,aboral.diet,available,104.99,114.99,medium,low,6,namesilo,,,
aca66fa0-f6e2-4a14-a396-c2c414feba1d,clips.diet,available,104.99,114.99,medium,low,5,namesilo,,,28/09/2026 23:13
fa12058a-cc63-473a-a5cf-3498569975bb,bubbling.diet,available,104.99,114.99,high,low,8,namesilo,,,11/08/2026 07:15
f58724e6-c8ab-4a55-909f-221d29fd5fe9,failing.diet,available,104.99,114.99,medium,low,7,namesilo,,,17/08/2026 20:44
a6550907-2850-4717-9ada-fc76cd688d1c,quartic.diet,available,104.99,114.99,high,low,7,namesilo,,,10/08/2026 05:37
fd240875-662e-4176-aa77-ddf0eb04fbc3,bladed.diet,available,104.99,114.99,medium,low,6,namesilo,,,10/08/2026 12:14
c1377d17-67ed-4f92-a4b4-f046cf308314,comedian.diet,available,104.99,114.99,high,low,8,namesilo,,,23/09/2026 15:26
76e63c0c-5fe0-4dbe-864a-eb90cb014c73,oblong.diet,available,104.99,114.99,medium,low,6,namesilo,,,03/09/2026 23:48
469a3c39-5d4f-466d-9371-51aa76f4ed39,pressed.diet,available,104.99,114.99,high,low,7,namesilo,,,27/09/2026 05:21
656cd502-6eff-4b53-89e2-b57be0b9d53e,sweetheart.diet,available,104.99,114.99,high,low,10,namesilo,,,22/08/2026 16:44
d6f1a54a-8fa8-48ba-b8fe-bea1e2150b09,ambition.diet,available,104.99,114.99,high,low,8,namesilo,,,18/09/2026 16:53
79679f42-cf65-46d7-a288-76b28f4e2bde,agrippina.diet,available,108.98,159.98,medium,low,9,namecheap,,,17/09/2026 19:33
bd44a5af-a1b3-4e1f-94a5-07663ece1154,avaritia.diet,available,104.99,114.99,medium,low,8,namesilo,,,21/09/2026 08:46
d9668b3e-32f5-472f-8b8f-71c573fc3c6d,questioner.diet,available,104.99,114.99,medium,low,10,namesilo,,,20/09/2026 14:25
c19f83cd-0412-44a1-bb8c-8a781f150e7c,divine.diet,premium,2600,2600,high,low,6,namecheap,,,
38dd22c9-6b51-4cac-b112-2ef76e436dd7,murdering.diet,available,104.99,114.99,medium,low,9,namesilo,,,28/09/2026 17:20
71ba53be-43be-4827-a9e0-be46835f9e51,footwear.diet,available,104.99,114.99,high,low,8,namesilo,,,28/09/2026 05:26
05a1bcb9-cdf0-4697-aa0c-9fe3e503c164,scrambled.diet,available,104.99,114.99,high,low,9,namesilo,,,09/09/2026 23:46
f770d10b-1e4f-4863-ba14-3965fa603e66,karate.diet,available,103.5,103.5,high,low,6,porkbun,,,28/09/2026 19:36
47b3aff4-a851-485c-95d7-158315e00dcb,nih.diet,available,103.5,103.5,high,low,3,porkbun,,,28/09/2026 02:28
2ec6d203-a122-498a-9236-1ea8ba9c5d14,pragmatic.diet,available,104.99,114.99,high,low,9,namesilo,,,21/08/2026 00:30
d644af2d-5d15-4677-9a84-6af7ad655178,orwellian.diet,available,108.98,159.98,medium,low,9,namecheap,,,04/09/2026 18:08
709b1baa-839b-4177-b689-2e526452023e,winless.diet,available,104.99,114.99,medium,low,7,namesilo,,,13/09/2026 12:35
695bd566-dea1-41f6-91ec-c72a5b0115fc,nix.diet,available,104.99,114.99,high,low,3,namesilo,,,03/09/2026 22:30
5e53d4dc-3639-4021-8aaa-48d85d671818,ahriman.diet,available,104.99,114.99,medium,low,7,namesilo,,,17/09/2026 20:33
7c90d823-09d7-47f8-a2cc-0575ce254347,grief.diet,available,104.99,114.99,high,low,5,namesilo,,,24/09/2026 10:39
92c71739-b179-4545-a46a-b0ff9ae3a02f,ushers.diet,available,104.99,114.99,medium,low,6,namesilo,,,20/09/2026 19:46
b37d8bd5-fc5a-45c6-9be9-0682a5c54add,brian.diet,available,104.99,114.99,high,medium,5,namesilo,,,25/09/2026 12:08
212289a3-4f88-4763-9279-ffc124328011,wiggins.diet,available,93.35,103.4,high,low,7,spaceship,,,28/09/2026 16:37
7451a21e-8db8-457c-8e49-5dd7803a62ae,putting.diet,available,104.99,114.99,high,low,7,namesilo,,,25/09/2026 10:11
c0978ef0-34ae-41cc-962c-35a1b1a4d761,aboveboard.diet,available,104.99,114.99,medium,low,10,namesilo,,,
fa3ed31c-b80f-46f7-873d-3c8dc19527fa,pained.diet,available,104.99,114.99,medium,low,6,namesilo,,,04/09/2026 01:26
1d23dec8-641c-489d-82c6-d2613bb7c3e9,whether.diet,available,104.99,114.99,high,low,7,namesilo,,,
f318e0d3-bcaf-4678-b2b6-17f912d112dd,admissible.diet,available,104.99,114.99,high,low,10,namesilo,,,
a9b4733d-9ad6-4da8-9db5-e662f92ddb94,kerala.diet,available,104.99,114.99,medium,low,6,namesilo,,,28/09/2026 16:15
7c03ec3f-3d6c-420f-aa07-09ab32747594,further.diet,available,299.99,299.99,high,low,7,name.com,,,24/09/2026 17:03
2d6f10f7-0970-4649-9eda-1c62fcd22183,asgard.diet,available,104.99,114.99,high,low,6,namesilo,,,20/09/2026 13:34
143b90c9-e3aa-4159-a17f-68f0d86871a9,emerald.diet,available,107.22,107.22,high,low,7,dynadot,,,28/09/2026 19:05
cadf8cf1-033a-4d59-95c5-de413d71d528,lena.diet,available,104.99,114.99,high,low,4,namesilo,,,25/09/2026 08:55
6bb1a711-bfbc-4efb-8c1e-2e5a5f945414,elephant.diet,available,104.99,114.99,high,low,8,namesilo,,,25/09/2026 22:36
15fd1214-bd61-46d2-8d45-09a5c9a9658b,huxley.diet,available,104.99,114.99,high,low,6,namesilo,,,18/09/2026 04:39
d4aef252-0e40-40b9-9123-d5c99d3c555b,wig.diet,available,104.99,114.99,high,low,3,namesilo,,,
b92d5a65-0dda-463a-82fe-73278cb9478b,crossing.diet,available,104.99,114.99,high,low,8,namesilo,,,27/09/2026 03:30
ddcf3a64-65e1-42bf-b464-6b5997adcfef,random.diet,available,104.99,114.99,high,medium,6,namesilo,,,19/09/2026 11:18
b6ca524d-7c49-46ca-bce0-7d7e24ad0d50,maxilla.diet,available,108.98,159.98,medium,low,7,namecheap,,,24/08/2026 17:52
567fc609-40c4-4cfe-a0b8-315c1c540231,arcadia.diet,available,104.99,114.99,high,medium,7,namesilo,,,20/09/2026 01:36
ac99a33f-223c-4855-b958-39339968210f,explanations.diet,available,104.99,114.99,medium,low,12,namesilo,,,17/09/2026 10:05
7261eadd-cda1-48b8-8e96-8be12751ff1b,decayable.diet,available,108.98,159.98,low,low,9,namecheap,,,13/08/2026 20:54
f38a9471-0d3f-40af-bcfe-c4172c84ceb8,cloudless.diet,available,104.99,114.99,high,low,9,namesilo,,,12/08/2026 12:32
fbe12eb7-1795-4227-9e27-a4e01f9c08fd,poky.diet,available,104.99,114.99,medium,low,4,namesilo,,,14/08/2026 07:34
0574215c-c8a5-4bc3-ab79-0efaa1388798,premolar.diet,available,104.99,114.99,high,low,8,namesilo,,,09/08/2026 19:46
50be6b09-dd3b-41f4-b873-f3a67535a383,keypress.diet,available,159.98,,medium,low,9,namecheap,,,
648ba354-36f8-4b2e-bf43-4f2c8514ce5c,implicit.diet,available,104.99,114.99,high,low,8,namesilo,,,21/08/2026 22:37
f29e0a5c-b40d-44ec-b4a0-55fd77182735,unassuming.diet,available,93.35,103.4,high,low,10,spaceship,,,27/09/2026 13:26
f788065e-7b66-4af8-8b38-300ae3f9a49e,admittedly.diet,available,104.99,114.99,medium,low,10,namesilo,,,11/09/2026 20:31
a91351c8-a424-4ac0-8696-614bf29aaf55,decorous.diet,available,104.99,114.99,medium,low,8,namesilo,,,09/08/2026 06:21
c929912b-a5c0-46d8-9539-a5a4b4293a03,oversewn.diet,available,104.99,114.99,medium,low,8,namesilo,,,04/09/2026 21:48
419eff97-28a0-4871-b110-27ddca35921a,buns.diet,available,104.99,114.99,medium,low,4,namesilo,,,09/08/2026 10:54
6827c912-1573-4697-b7aa-52b05e4066c3,frivolous.diet,available,104.99,114.99,medium,low,9,namesilo,,,18/08/2026 16:04
030f3f77-06d9-46ed-93e5-80b8aaa1536a,vantage.diet,available,104.99,114.99,high,medium,7,namesilo,,,17/09/2026 10:29
8ed735e2-4d9a-45ad-8532-084b3c177bd4,arteria.diet,available,108.98,159.98,high,low,7,namecheap,,,20/09/2026 10:30
d487edf8-e58d-40dd-aa29-649c8439b4f5,foremost.diet,available,104.99,114.99,high,medium,8,namesilo,,,18/08/2026 05:18
30baa9a3-4617-431f-b1a1-dc57a6818b4b,atacama.diet,available,104.99,114.99,medium,low,7,namesilo,,,
43e60452-78a3-47cd-8db8-cac9e74ae64b,doe.diet,available,93.35,103.4,high,low,3,spaceship,,,29/09/2026 00:39
cc89c421-1ed6-4218-bed8-936f21d85f9e,crazy.diet,available,104.99,114.99,high,low,5,namesilo,,,23/09/2026 02:03
13c49969-6f78-44fc-984c-25030e9a4777,fastidious.diet,available,104.99,114.99,medium,low,10,namesilo,,,17/08/2026 15:30
a20551a2-86ac-4ec5-a5f4-f75e162334c1,overhang.diet,available,104.99,114.99,medium,low,8,namesilo,,,09/08/2026 08:28
a4b52000-b7b6-4135-80c5-6db29ebb6d4a,informally.diet,available,104.99,114.99,medium,low,10,namesilo,,,28/09/2026 14:09
6e4e8aaf-23d1-4b7b-af93-08c1c13ec39c,gusty.diet,available,108.98,159.98,medium,low,5,namecheap,,,20/08/2026 21:10
3dac1fec-ecda-4c4c-b593-9c03d7b442d6,akron.diet,available,104.99,114.99,high,low,5,namesilo,,,18/09/2026 00:14
55601c5a-b698-483f-bb60-ee168b054f56,technicality.diet,available,104.99,114.99,high,low,12,namesilo,,,
4cdc425c-c180-4bcd-8750-1550b49ac220,djia.diet,available,104.99,114.99,medium,low,4,namesilo,,,
f3fa24f4-e4c9-4368-a194-c65e90cf41e5,charitable.diet,available,104.99,114.99,high,low,10,namesilo,,,12/08/2026 02:34
28a4fb68-f269-4dab-a614-f3fbe9c04cf7,anticancer.diet,premium,832,832,high,low,10,namesilo,,,22/09/2026 06:38
43c8976d-dc62-4ba5-a342-d6beeb340e03,launched.diet,available,104.99,114.99,high,low,8,namesilo,,,18/09/2026 13:03
55cd512b-90d7-423a-80ac-5d7dfc418f64,emily.diet,available,104.99,114.99,high,medium,5,namesilo,,,25/09/2026 14:07
b3593d10-cd2b-4f68-a9d0-3a0a01d49b5c,waves.diet,available,104.99,114.99,high,low,5,namesilo,,,25/09/2026 16:36
57594fc6-7d28-48c6-9bce-fcd95a425ef5,spooky.diet,available,104.99,114.99,high,low,6,namesilo,,,10/09/2026 09:49
f382a2ff-94ac-46f4-b723-777b73113a81,hitting.diet,available,104.99,114.99,high,low,7,namesilo,,,25/09/2026 07:22
bb7d396b-9175-42c5-9886-5f91c2d8c783,here.diet,premium,2660,2660,high,medium,4,namesilo,,,24/09/2026 23:42
c9320b9c-8693-43f3-87e7-839567466edf,casteless.diet,available,108.98,159.98,medium,low,9,namecheap,,,11/08/2026 20:25
b80a39cc-22a4-4e01-845e-f63cd147f7c8,denominate.diet,available,104.99,114.99,medium,low,10,namesilo,,,14/08/2026 03:43
4e85716a-8eb6-49a8-993c-738efa8d2ade,moosewood.diet,available,104.99,114.99,medium,low,9,namesilo,,,16/09/2026 23:36
d1fa0f75-62bb-479f-b374-ef725b15f054,pert.diet,available,104.99,114.99,high,low,4,namesilo,,,21/08/2026 22:15
a364305b-2400-4f56-8bbf-17f028afe9e0,precooked.diet,available,104.99,114.99,high,medium,9,namesilo,,,09/09/2026 01:17
5673be38-625a-42ca-9f6d-529a88de4afc,repository.diet,available,104.99,114.99,high,low,10,namesilo,,,24/09/2026 21:59
ed226af2-f9d1-4128-914e-288051dc9b45,liegeman.diet,available,104.99,114.99,medium,low,8,namesilo,,,18/08/2026 03:05
2ca60091-b5cb-437c-8fb7-f5e31aa4a5e4,joyce.diet,available,100.2,100.2,high,low,5,cloudflare,,,27/09/2026 14:23
e1e43997-718f-4961-b8eb-f5afe419f5ce,algol.diet,available,104.99,114.99,medium,low,5,namesilo,,,18/09/2026 07:05
0c0e7a26-8e28-4ac7-beef-a5996dba9d21,greased.diet,available,108.98,159.98,medium,low,7,namecheap,,,20/08/2026 19:33
0cba3c6b-6e3e-4ec7-b900-b2fc9f90694b,privately.diet,available,104.99,114.99,high,low,9,namesilo,,,15/09/2026 04:43
6cfe8cb6-bd29-40c7-875d-4173249316e4,depictive.diet,available,104.99,114.99,medium,low,9,namesilo,,,14/08/2026 00:41
ce596043-b131-4441-8a34-a33670d3c0c1,jamie.diet,available,108.98,159.98,high,low,5,namecheap,,,25/09/2026 17:50
c84f7070-c4a3-4955-8aad-834ad2bc9795,scotchtape.diet,available,104.99,114.99,high,low,11,namesilo,,,16/09/2026 11:38
39ec7446-1b04-4c49-9f2b-224dccbd2142,fortify.diet,available,104.99,114.99,high,low,7,namesilo,,,20/09/2026 06:18
af60d51d-6b4a-4fa5-85f1-558f6fd39544,hoodlum.diet,available,104.99,114.99,high,medium,7,namesilo,,,09/09/2026 06:04
e353d3fb-2df0-4e31-bd67-fd40755b3930,expand.diet,available,104.99,114.99,high,low,6,namesilo,,,24/09/2026 13:38
45aaa0c0-d488-408a-82b9-63a38838d8b0,pangolin.diet,premium,2600,2600,medium,low,8,namecheap,,,19/09/2026 12:39
3604f759-6e40-4525-9b6d-d6357c83506f,draped.diet,available,108.98,159.98,medium,low,6,namecheap,,,14/08/2026 18:23
07e1be57-95e6-4dee-a57e-d2a2d508b761,alligator.diet,available,93.35,103.4,high,low,9,spaceship,,,28/09/2026 20:35
944a8dc6-39fc-446f-a402-77b5d4b5d8bb,lewd.diet,available,108.98,159.98,high,low,4,namecheap,,,22/08/2026 20:07
5f83cba1-4e42-4fe4-a4bb-a81154e841f2,choked.diet,available,104.99,114.99,medium,low,6,namesilo,,,12/08/2026 06:39
2ae72d78-b80d-4eaa-9838-81039d9794e6,trauma.diet,available,108.98,159.98,high,low,6,namecheap,,,25/09/2026 07:04
f77c6430-bdd2-4d3d-bf7e-38da7f477ed2,dictation.diet,available,104.99,114.99,high,low,9,namesilo,,,23/09/2026 13:35
ee0d6eff-a948-448e-861e-886bcaad68f9,dastardly.diet,available,299.99,299.99,medium,low,9,name.com,,,13/08/2026 18:31
4b56be0a-c223-4997-af70-df5fb1221bf8,saliferous.diet,available,108.98,159.98,high,medium,10,namecheap,,,09/09/2026 20:52
9f8a70aa-915b-458d-be49-de2a7754a4fe,juristic.diet,available,104.99,114.99,medium,low,8,namesilo,,,22/08/2026 14:37
cc4239ec-d785-4a96-a59a-b4718c9d88df,prudential.diet,available,104.99,114.99,high,medium,10,namesilo,,,09/09/2026 04:48
15ab1274-6a61-4b43-85df-86e77750a05e,horseman.diet,available,104.99,114.99,high,low,8,namesilo,,,17/08/2026 11:44
5a003653-af89-4ad9-b5a8-b8b96c87554a,heroes.diet,available,108.98,159.98,high,low,6,namecheap,,,17/09/2026 22:48
45820cbd-56fb-4b1f-95f3-e5c5c2ccbeb0,uncharted.diet,available,104.99,114.99,medium,low,9,namesilo,,,12/08/2026 02:53
5170a330-9ce0-4905-b771-5b721f535f4f,ltd.diet,available,104.99,114.99,high,low,3,namesilo,,,25/09/2026 11:58
96700735-b9a0-44dd-9296-ee651bacbe04,residuum.diet,available,104.99,114.99,medium,low,8,namesilo,,,09/09/2026 15:07
d62eecf4-3295-4803-be89-60a872468ead,metacarpal.diet,available,108.98,159.98,medium,low,10,namecheap,,,24/08/2026 21:30
8d8c7a82-eeab-48f7-8d06-104a3640487d,leigh.diet,available,104.99,114.99,high,low,5,namesilo,,,25/09/2026 08:55
481baba5-4d82-4003-9725-dd21732e8493,blasted.diet,available,104.99,114.99,medium,low,7,namesilo,,,10/08/2026 12:35
8e1027d4-dbf5-44dd-8208-66d859f957a0,perfective.diet,available,104.99,114.99,high,low,10,namesilo,,,08/09/2026 16:27
ad8695bd-9183-4424-b438-66d9adc2aca9,prc.diet,available,104.99,114.99,high,low,3,namesilo,,,25/09/2026 22:08
1b1da417-b402-4fb6-aa17-5a8ccac50761,hesperides.diet,available,104.99,114.99,medium,low,10,namesilo,,,20/09/2026 21:44
be66d1cd-273e-4886-b18a-e361a06a7ae3,austrian.diet,available,104.99,114.99,high,low,8,namesilo,,,22/09/2026 13:38
62398501-16d7-4d73-b2f6-e6edf20ef361,braw.diet,available,104.99,114.99,medium,low,4,namesilo,,,11/08/2026 02:45
a6673c30-b006-4718-b759-f5756ee9ce42,illinois.diet,available,108.98,159.98,high,low,8,namecheap,,,21/08/2026 18:40
180c8c4b-503b-4d04-a8e4-1bec519541ad,quarterly.diet,available,104.99,114.99,high,low,9,namesilo,,,09/09/2026 07:37
4c4d0592-5bbd-4ff4-8baa-b1115d16145c,consents.diet,available,104.99,114.99,medium,low,8,namesilo,,,20/09/2026 13:43
7382d4a7-b495-4a0b-a262-b9f8b85b75fb,fibre.diet,available,104.99,114.99,high,low,5,namesilo,,,
76710c2c-54b4-4443-b416-90689548b9cf,artist.diet,available,103.5,103.5,high,low,6,porkbun,,,28/09/2026 12:11
35505bd5-069a-4f8f-9229-ccad450c3104,putnam.diet,available,104.99,114.99,medium,low,6,namesilo,,,25/09/2026 16:07
49600c44-0b47-4c29-b74f-afa26f6b8017,sanctioned.diet,available,104.99,114.99,medium,low,10,namesilo,,,06/08/2026 09:24
c8216490-5fb8-4a6f-a8e6-652a5ad58269,biennial.diet,available,108.98,159.98,high,low,8,namecheap,,,09/08/2026 19:52
48141155-f29b-442e-bc08-8e0ce375991e,pop.diet,premium,832,832,high,medium,3,namesilo,,,24/09/2026 11:55
8cde857f-989e-4e6b-b8c4-78e54c10e9c1,bed.diet,available,107.22,107.22,high,low,3,dynadot,,,29/09/2026 01:46
09898b13-7634-4f1b-ac72-9db3ff5c9696,anglosaxon.diet,available,104.99,114.99,medium,low,11,namesilo,,,29/09/2026 02:54
a60d5d46-bf71-43ef-9a33-4ea22d7eb96e,alchemist.diet,available,104.99,114.99,high,low,9,namesilo,,,18/09/2026 03:58
80f64ee2-0d90-48a7-ba29-508bc47cc21b,bantu.diet,available,104.99,114.99,medium,low,5,namesilo,,,08/08/2026 14:50
503ae165-95c2-407c-8c05-52444a42415a,semihard.diet,available,104.99,114.99,medium,low,8,namesilo,,,10/09/2026 03:04
e3d5e915-86d8-419d-ad46-786c2ded1139,julius.diet,available,93.35,103.4,high,low,6,spaceship,,,27/09/2026 18:53
a48901ae-0852-4f8b-af5b-66737e6519d2,omniscient.diet,available,104.99,114.99,high,low,10,namesilo,,,
3dbf52a3-8d5d-4b61-96c3-41f4d0c5fa52,mueller.diet,premium,2660,2660,high,low,7,namesilo,,,26/09/2026 03:22
d0d18bd0-8df6-4fa0-9b1d-9a592a3e3ea2,lxiii.diet,available,104.99,114.99,medium,low,5,namesilo,,,
713b3051-0cbd-436c-a9d0-2890d5c13993,revengeful.diet,available,104.99,114.99,medium,low,10,namesilo,,,09/09/2026 16:00
18a2e9ae-5b61-4201-8acf-a595cef13e93,eased.diet,available,104.99,114.99,high,low,5,namesilo,,,
0d309514-a8b3-4e8b-9855-0234892acb34,pierson.diet,available,104.99,114.99,medium,low,7,namesilo,,,28/09/2026 23:01
61612d20-07d2-467b-92eb-1c6e2b76a361,austral.diet,available,104.99,114.99,medium,low,7,namesilo,,,07/08/2026 18:26
b6235c25-451e-4674-ac98-edfb8c38fbcb,exalt.diet,available,104.99,114.99,high,low,5,namesilo,,,
870577d2-ecb1-4982-be61-85d24038a931,angstrom.diet,available,104.99,114.99,medium,low,8,namesilo,,,16/09/2026 12:44
7cd597f3-7249-4be3-a40c-163c3f9c86c8,average.diet,available,104.99,114.99,high,low,7,namesilo,,,22/09/2026 14:28
751e7c43-1a0e-4bfd-8ac6-bfd62613e7a2,halfway.diet,available,104.99,114.99,high,low,7,namesilo,,,11/08/2026 23:56
f6d5e3e5-69b7-4b3d-b72d-8d73de697cc0,garry.diet,available,100.2,100.2,high,low,5,cloudflare,,,28/09/2026 03:42
8a5eee60-8a1e-4666-9cfb-350fb594ab00,management.diet,available,104.99,114.99,high,low,10,namesilo,,,19/09/2026 14:24
feb71e90-28d6-4c6a-b841-8e1e87d16829,signing.diet,available,104.99,114.99,high,low,7,namesilo,,,27/09/2026 05:19
5b8569c0-f003-4a7f-b503-81996bd8be17,druggist.diet,available,108.98,159.98,high,low,8,namecheap,,,19/09/2026 19:38
689c54af-9003-4117-aa27-431a780a3a2b,reptile.diet,available,104.99,114.99,high,low,7,namesilo,,,09/09/2026 14:41
52b48848-d4b4-4d63-afca-5f7f297acfaf,dogmatism.diet,available,104.99,114.99,medium,low,9,namesilo,,,23/09/2026 15:23
8c732526-54de-412e-861a-1efb372b5b4f,engulf.diet,available,108.98,159.98,medium,low,6,namecheap,,,10/09/2026 19:51
4af1c025-b3ee-429a-b002-5a24f29b2b35,wrongful.diet,available,100.2,100.2,medium,low,8,cloudflare,,,28/09/2026 11:11
8eb9b343-a7d1-4cea-8162-070461a9a5f6,treed.diet,available,104.99,114.99,medium,low,5,namesilo,,,07/08/2026 11:13
98a58e02-2e36-4266-ae00-f630ab4f6683,dogfight.diet,available,108.98,159.98,high,medium,8,namecheap,,,09/09/2026 18:56
6db6fbf5-2989-4874-9b7f-3dfebb06ec9a,placing.diet,available,93.35,103.4,medium,low,7,spaceship,,,28/09/2026 21:04
cf9e6135-f3b1-43a7-bdad-a66dcf50b681,grimy.diet,available,104.99,114.99,medium,low,5,namesilo,,,09/08/2026 09:25
f1ea83d3-dcc3-4841-bfa6-adcef6504d13,sub.diet,available,93.35,103.4,high,low,3,spaceship,,,28/09/2026 01:46
2b07af6f-593c-4bc6-ad9e-f5cf0dc04646,anemometer.diet,available,104.99,114.99,medium,low,10,namesilo,,,19/09/2026 05:15
6e2b44fd-d845-43a5-bf17-a3d55176bf28,cumbersome.diet,available,104.99,114.99,medium,low,10,namesilo,,,13/08/2026 10:25
2ac34ec5-0d24-45aa-96af-d16776f4bb7b,bewitch.diet,available,104.99,114.99,high,low,7,namesilo,,,21/08/2026 07:41
18f1bb2f-9c5b-41df-b950-0a942f9239f0,buoyant.diet,available,104.99,114.99,high,low,7,namesilo,,,11/08/2026 10:06
013e9de2-9b99-4754-adfb-8c9dce01dd90,keenness.diet,available,104.99,114.99,high,low,8,namesilo,,,21/09/2026 09:30
e129d1fd-b831-40dc-8375-cb4a71100bcc,squeeze.diet,available,104.99,114.99,high,low,7,namesilo,,,20/08/2026 22:27
9c5846d4-3d08-41d1-95c0-cc36c630c85b,taxes.diet,available,104.99,114.99,medium,low,5,namesilo,,,
396de8c0-1637-4fc1-a902-441f1cad4563,koran.diet,available,104.99,114.99,high,low,5,namesilo,,,18/09/2026 01:04
c3ccd378-f8a3-47f2-94bf-af85d1e8a58a,letting.diet,available,104.99,114.99,high,low,7,namesilo,,,09/09/2026 14:21
6671a1be-9a23-4245-9e70-db3c1a1390da,surprises.diet,available,104.99,114.99,high,low,9,namesilo,,,20/09/2026 10:56
cd5247cf-570d-4952-ac65-e85eb8d7327c,bonfires.diet,available,104.99,114.99,medium,low,8,namesilo,,,20/09/2026 12:29
8b911824-deeb-4116-bf70-2fb9c4cb609b,bacchanal.diet,available,104.99,114.99,high,low,9,namesilo,,,08/08/2026 04:14
81351c50-0b1f-4e09-aff5-77ea7c689355,instep.diet,available,104.99,114.99,high,low,7,namesilo,,,16/09/2026 14:59
5fae55dc-f285-4094-b29c-d0ad2cee1f84,lxxxi.diet,available,104.99,114.99,medium,low,5,namesilo,,,
e65d3e15-c0a6-4eb5-8016-6d580a607a92,crashed.diet,available,104.99,114.99,low,low,7,namesilo,,,27/09/2026 11:29
b533e597-a679-4657-bcc0-1522512fcdac,harmonized.diet,available,104.99,114.99,high,low,10,namesilo,,,12/08/2026 22:50
7af02249-95f8-46c8-91ec-9364fa9659f5,dreaded.diet,available,104.99,114.99,medium,low,7,namesilo,,,14/08/2026 08:53
0021d184-38c5-4421-acde-d45302e0cad7,lammas.diet,available,104.99,114.99,medium,low,6,namesilo,,,21/09/2026 03:43
5b6c03d8-4717-4921-ae60-eddac44cb6a4,validation.diet,available,108.98,159.98,high,low,10,namecheap,,,28/09/2026 02:30
8da64a1d-00eb-4139-834d-6dd9479e8146,oblate.diet,available,104.99,114.99,medium,low,6,namesilo,,,03/09/2026 23:35
bb656c8e-1793-444b-b9be-d0b89656a962,focal.diet,available,104.99,114.99,high,low,5,namesilo,,,18/08/2026 09:44
6aca278d-040a-4f40-9fa1-344942a4a776,thomson.diet,available,104.99,114.99,high,medium,7,namesilo,,,25/09/2026 05:24
d6aec92a-f01c-48f2-bf98-41451038211a,icy.diet,available,104.99,114.99,medium,low,3,namesilo,,,18/08/2026 16:29
a4729280-cd28-4a81-9b9b-7bea61e136c8,basilicata.diet,available,104.99,114.99,medium,low,10,namesilo,,,22/09/2026 10:50
98309120-2722-4b26-b03c-0712a34f2829,grandly.diet,available,104.99,114.99,medium,low,7,namesilo,,,14/09/2026 22:02
fdb7f1fb-dadf-40fe-bf5d-455c46f3d5c9,cop.diet,available,104.99,114.99,high,low,3,namesilo,,,20/09/2026 09:05
8a92415a-f353-4764-9bfa-c021441fefdc,blare.diet,available,104.99,114.99,medium,low,5,namesilo,,,10/08/2026 13:12
9f01824a-9ec5-419b-a75d-1aceb010724e,apology.diet,available,93.35,103.4,high,low,7,spaceship,,,28/09/2026 21:41
f820788a-7b77-49a0-a4f2-6cf844b8584b,park.diet,available,104.99,114.99,high,medium,4,namesilo,,,23/09/2026 15:57
6ca56466-a2cb-4451-90c0-655bdaff472b,riggs.diet,available,100.2,100.2,medium,low,5,cloudflare,,,28/09/2026 08:07
f2aebf7b-46cd-463a-baef-3a7fa65bdb74,acetyl.diet,available,104.99,114.99,medium,low,6,namesilo,,,17/09/2026 00:19
3d753093-7c15-416d-b62f-c104b4c131af,crumb.diet,available,104.99,114.99,medium,low,5,namesilo,,,11/08/2026 09:20
932e49f3-f42f-4436-91f1-35912badacd4,caledonia.diet,available,104.99,114.99,medium,low,9,namesilo,,,27/09/2026 03:27
66e64117-e884-4638-a664-6fa7d2435d14,platform.diet,available,104.99,114.99,high,medium,8,namesilo,,,27/09/2026 02:05
a817250b-734f-4d6c-bbda-a7b44038cea1,eggs.diet,available,104.99,114.99,high,low,4,namesilo,,,
532e66c3-b64a-43cc-bd23-0b2ed093efa4,ammine.diet,available,104.99,114.99,medium,low,6,namesilo,,,18/09/2026 22:03
acdb6f34-1b4c-4e2c-ab31-498097a2bdcf,embassador.diet,available,104.99,114.99,high,low,10,namesilo,,,18/09/2026 16:29
7124956f-512e-4b13-8489-051bdcdb7088,bowelless.diet,available,104.99,114.99,high,medium,9,namesilo,,,10/08/2026 23:08
8bdf819a-f441-43cc-9e99-0ec48d3f9b66,justin.diet,available,104.99,114.99,high,medium,7,namesilo,,,25/09/2026 16:02
25884b48-4eaa-424f-9ce4-a369884abc69,twine.diet,available,104.99,114.99,medium,low,5,namesilo,,,
14618610-a1d9-401c-93bd-6873cdf3efc5,conciliate.diet,available,104.99,114.99,high,low,10,namesilo,,,18/08/2026 22:04
7fbfb881-319d-4309-a41a-a1e759abe5b7,idyllic.diet,available,108.98,159.98,high,low,7,namecheap,,,21/08/2026 18:14
1396b1ac-682c-455e-950b-45632e26f9ba,nafud.diet,available,108.98,159.98,medium,low,5,namecheap,,,19/09/2026 00:44
fbc821e4-8e69-4087-9e9d-f7f591fdf86c,cassette.diet,available,104.99,114.99,high,low,8,namesilo,,,
dee6ac34-b785-4eaa-834d-438129d17fee,travers.diet,available,108.98,159.98,medium,low,7,namecheap,,,28/09/2026 16:18
4e1fb311-77dc-4304-8565-177972ae6c21,guadalajara.diet,available,93.35,103.4,medium,low,11,spaceship,,,28/09/2026 07:53
96ab767d-8146-4a04-8b91-07ea95f345ea,sharps.diet,available,104.99,114.99,medium,low,6,namesilo,,,20/09/2026 09:14
13057b81-f654-4cef-961e-ba6cbbaa1996,astylar.diet,available,104.99,114.99,medium,low,7,namesilo,,,07/08/2026 10:15
f2ebdc33-4105-48d8-8628-a3aa18ce728a,ownership.diet,available,100.2,100.2,high,low,9,cloudflare,,,28/09/2026 15:02
1c2975ed-aa6c-4151-926d-eabd7f4ccf1f,seaward.diet,available,104.99,114.99,medium,low,7,namesilo,,,22/08/2026 06:58
6c3ed3cf-8c44-479a-96d1-d571a0f40cfc,lewdly.diet,available,104.99,114.99,low,low,6,namesilo,,,15/09/2026 11:12
6a1eb128-57e1-4426-a6c8-e8602d891d33,chimp.diet,available,104.99,114.99,high,low,5,namesilo,,,24/09/2026 14:40
d322f932-f680-4d82-88c3-48aa4142b3d4,these.diet,available,104.99,114.99,medium,low,5,namesilo,,,
859cd922-d53d-4e22-b676-47f6fc0ee32b,may.diet,available,159.98,,high,low,3,namecheap,,,
1277e322-712b-46bf-a36e-ffab5ee56797,courtesy.diet,available,108.98,159.98,high,low,8,namecheap,,,24/09/2026 18:48
5f53e52c-2885-43e7-98e6-c9d77be1471d,bce.diet,premium,2660,2660,medium,low,3,namesilo,,,28/09/2026 13:14
590fa07e-20ed-4b46-ae9a-a131935edba4,disgorge.diet,available,104.99,114.99,high,medium,8,namesilo,,,10/09/2026 07:35
4a1c86e5-a3a1-4fc4-9bb3-732854d71b47,rarefied.diet,available,104.99,114.99,medium,low,8,namesilo,,,17/08/2026 15:44
1b4623f8-4670-49e8-8491-3f62e143b125,questioned.diet,available,93.35,103.4,low,low,10,spaceship,,,28/09/2026 08:50
fc8c717c-a2b3-41bb-8508-b9dab2bf3781,almandine.diet,available,104.99,114.99,medium,low,9,namesilo,,,18/09/2026 12:29
1e0eea25-90d0-4fe4-8c2b-7bba8c16d446,hidebound.diet,available,104.99,114.99,medium,low,9,namesilo,,,21/08/2026 08:11
6ccdf158-a5ef-4023-a7f7-4a9ebdeb469a,airbrush.diet,available,299.99,299.99,high,low,8,name.com,,,17/09/2026 23:00
2ac93e65-b289-466d-a558-043036d6c19a,arrested.diet,available,108.98,159.98,high,low,8,namecheap,,,17/09/2026 20:22
64a3cd7c-0beb-4cf6-9def-aff7faad2706,lunches.diet,available,104.99,114.99,medium,low,7,namesilo,,,20/09/2026 07:45
d1a3d7bb-4254-4528-a379-cef54fa4a723,goldbrick.diet,available,104.99,114.99,medium,low,9,namesilo,,,20/08/2026 16:29
ff841906-e37b-4574-a1c5-5b4ce5280e29,bored.diet,available,104.99,114.99,high,low,5,namesilo,,,23/09/2026 00:16
87974da1-0ac3-4caa-bc7a-07f2c70b8fe9,numerical.diet,available,104.99,114.99,medium,low,9,namesilo,,,03/09/2026 22:52
3d95ae99-0952-406b-85e0-d90f56649ec4,turbulent.diet,available,104.99,114.99,medium,low,9,namesilo,,,14/08/2026 12:26
c47a031b-ecb6-401b-aacb-1df017179aed,regimented.diet,available,104.99,114.99,high,medium,10,namesilo,,,09/09/2026 12:55
0e3cd5db-847d-41f1-a6e9-1ec48f179d8a,incessant.diet,available,104.99,114.99,medium,low,9,namesilo,,,11/08/2026 23:04
979eb650-0abf-4b17-a68f-44547f1e2dad,packages.diet,available,104.99,114.99,medium,low,8,namesilo,,,19/09/2026 00:23
26e00fb9-31c3-46b6-b949-48ba724fc612,checkered.diet,available,104.99,114.99,medium,low,9,namesilo,,,12/08/2026 03:38
beaf3330-3e8a-4c11-afeb-dddb9ea65a3f,admire.diet,available,100.2,100.2,high,low,6,cloudflare,,,28/09/2026 03:18
779c5a73-0b86-4112-9cff-2a3e151ff088,reformer.diet,available,104.99,114.99,high,low,8,namesilo,,,19/09/2026 15:23
8825c386-d740-4e51-9c25-b3f1b658463c,williamson.diet,available,104.99,114.99,high,low,10,namesilo,,,17/09/2026 14:22
7bb3731e-be5f-4f31-bc2b-1d90b02e5bbe,half.diet,available,104.99,114.99,high,low,4,namesilo,,,24/09/2026 23:32
c63103ec-f7f9-4ac3-9b8c-3e4b39a1194c,wanton.diet,available,104.99,114.99,medium,low,6,namesilo,,,25/08/2026 07:57
4ac4e65b-d464-4877-8bac-c479dbea3a43,gown.diet,available,93.35,103.4,high,low,4,spaceship,,,28/09/2026 05:51
7c4d2856-85f1-41a9-8833-3ba049c0e584,fancied.diet,available,108.98,159.98,high,low,7,namecheap,,,17/08/2026 20:17
2329ef1a-14ef-4a44-bdff-e78991d62510,flap.diet,available,108.98,159.98,high,low,4,namecheap,,,24/09/2026 23:15
980b41cb-d9e9-4963-8377-1a68f4e94467,waterproof.diet,available,104.99,114.99,high,medium,10,namesilo,,,09/09/2026 09:48
5a8e4402-5d2a-4413-acbe-9bbbf9cddc95,conformity.diet,available,108.98,159.98,high,low,10,namecheap,,,16/09/2026 15:32
ce6fc006-6a75-40f9-aee6-453c539e46d8,pills.diet,premium,2660,2660,high,low,5,namesilo,,,20/09/2026 04:26
085940cf-8efb-4ba8-80a2-da7049f296c4,shit.diet,available,108.98,159.98,high,medium,4,namecheap,,,22/09/2026 18:05
00b60fc5-4009-42e7-bafa-a420a88f5cb9,backhoe.diet,available,108.98,159.98,high,low,7,namecheap,,,21/09/2026 15:37
7c47f55e-2ab1-42e7-acbc-7a6235ed7058,brag.diet,available,104.99,114.99,high,low,4,namesilo,,,23/09/2026 00:49
4e2243dd-ee26-4fa6-bf7d-d616e13d5d03,manky.diet,available,104.99,114.99,medium,low,5,namesilo,,,24/08/2026 15:12
fdc38119-daf4-47cf-b8d4-0b3966e98163,injuries.diet,available,93.35,103.4,low,low,8,spaceship,,,27/09/2026 21:38
5d297db8-87a4-4888-90eb-ff70433b8a2a,heights.diet,available,104.99,114.99,high,low,7,namesilo,,,27/09/2026 13:59
36f77dfd-ac09-4b60-9f17-59ba7df552b8,polythene.diet,available,104.99,114.99,medium,low,9,namesilo,,,
39b59822-b9d4-4d93-9b50-b27664e05669,agrimonia.diet,available,108.98,159.98,medium,low,9,namecheap,,,17/09/2026 19:28
976ac121-a056-48d9-a99e-29d4cd8260c4,legitimacy.diet,available,104.99,114.99,high,low,10,namesilo,,,21/09/2026 05:07
d2f4527b-d634-46e0-a924-512507f0875c,rickety.diet,available,299.99,299.99,medium,low,7,name.com,,,13/08/2026 20:34
df201ef2-cce3-4d86-8fde-4b4fd30370e6,smartest.diet,available,104.99,114.99,high,low,8,namesilo,,,20/09/2026 22:26
7f22ab4d-fea8-4ac6-ac5c-77a7e30d5dfb,adp.diet,premium,2660,2660,high,high,3,namesilo,,,17/09/2026 07:32
9732c5b3-d239-4ace-8eef-13d4be24f335,homecoming.diet,available,93.35,103.4,high,low,10,spaceship,,,28/09/2026 19:27
2fbafd9b-5133-406f-93f5-512563aac928,gaussian.diet,available,108.98,159.98,high,low,8,namecheap,,,18/08/2026 20:52
5cb94f34-0aed-4cc1-931d-8eff44e246a4,annotating.diet,available,104.99,114.99,medium,low,10,namesilo,,,19/09/2026 10:41
897131d5-dd26-41b0-b8c5-5dccc72aebb2,almond.diet,available,93.35,103.4,high,low,6,spaceship,,,28/09/2026 20:40
c5fa851e-df11-4bde-a0cf-d67e7d791ec6,racial.diet,available,104.99,114.99,high,low,6,namesilo,,,09/09/2026 09:19
156ee975-fd2c-4bb5-8ae1-4f948768e78e,doglike.diet,available,104.99,114.99,medium,low,7,namesilo,,,14/08/2026 15:07
8bc584dc-39e1-4d3c-9122-eac2cce9b52b,agrologic.diet,available,104.99,114.99,medium,low,9,namesilo,,,
63810f1f-6acf-48d1-8459-c6b373fb0a57,knesset.diet,available,93.35,103.4,medium,low,7,spaceship,,,28/09/2026 19:39
da681158-5cde-4cde-b875-c57a104d4ceb,alupent.diet,available,104.99,114.99,medium,low,7,namesilo,,,18/09/2026 15:17
56c4ccc8-1479-45c7-9d84-310f2483c889,topnotch.diet,available,104.99,114.99,high,low,8,namesilo,,,
9edd6915-dc3d-4b8f-ba47-3a5190fbf3b2,aloe.diet,available,104.99,114.99,high,low,4,namesilo,,,18/09/2026 12:59
94161313-227f-4cb0-aa30-1a2097b63286,cinque.diet,available,104.99,114.99,medium,low,6,namesilo,,,
20c26634-8192-4555-920e-e1cc96bc8097,vegetable.diet,available,104.99,114.99,high,low,9,namesilo,,,
c9c9f193-8ccb-46ff-a7d1-ffa608d6450a,benefits.diet,available,104.99,114.99,medium,low,8,namesilo,,,27/09/2026 23:08
7421454b-9ff3-4793-9920-a167da092123,downer.diet,available,104.99,114.99,medium,low,6,namesilo,,,14/08/2026 02:41
289b68bf-ca38-4938-863c-2058f79e49e7,magnetic.diet,available,104.99,114.99,high,low,8,namesilo,,,12/08/2026 02:32
63f90445-f313-459c-9ab4-10927e5ceceb,otherwise.diet,available,104.99,114.99,high,low,9,namesilo,,,26/09/2026 00:41
2a6e3a43-8b93-4395-870c-619d8f494907,generating.diet,available,104.99,114.99,medium,low,10,namesilo,,,
ef8bf4b2-fe2e-4c92-9979-f0db34c9db6b,anopheles.diet,available,104.99,114.99,medium,low,9,namesilo,,,19/09/2026 11:39
73a67dca-6c6a-4ef0-a3c7-4bfb8d9064f5,tokugawa.diet,available,104.99,114.99,low,low,8,namesilo,,,28/09/2026 09:08
9b007703-704b-4f78-8d4e-ac9278baa2c9,loafer.diet,available,104.99,114.99,medium,low,6,namesilo,,,14/08/2026 14:12
8d006995-c8dd-40e8-98fa-c1585ad72f77,mob.diet,available,108.98,159.98,high,low,3,namecheap,,,24/09/2026 19:26
932f81f2-d8f1-49e2-b3cb-5024f8530634,introduction.diet,available,104.99,114.99,high,low,12,namesilo,,,
20e4262b-586e-4c9b-9f91-82b9d3c18338,brochure.diet,available,104.99,114.99,high,low,8,namesilo,,,24/09/2026 07:07
6c9f40a9-6628-43f1-a8c4-2d530fdfbd8c,malawian.diet,available,104.99,114.99,medium,low,8,namesilo,,,24/08/2026 13:40
77ce79d7-13c2-4034-aae1-87283535e604,slyly.diet,available,104.99,114.99,medium,low,5,namesilo,,,14/09/2026 09:08
33fb87c9-9626-4903-85b3-a14e3f1afe36,annexa.diet,available,104.99,114.99,medium,low,6,namesilo,,,17/09/2026 09:06
1cc4eeb8-888c-4bf1-bf50-85dc1ab660f0,burial.diet,available,104.99,114.99,medium,low,6,namesilo,,,24/09/2026 11:18
35d8beb6-ac7a-432d-9cf5-135b877fde1b,malayan.diet,available,104.99,114.99,medium,low,7,namesilo,,,24/08/2026 13:44
981e7860-70b6-4dd6-b884-54528ab5c070,lacing.diet,available,104.99,114.99,medium,low,6,namesilo,,,13/09/2026 11:13
a1bbc43b-06f1-4430-8736-0356d78b9287,arere.diet,available,104.99,114.99,medium,low,5,namesilo,,,20/09/2026 03:56
92e20fd3-2d60-487b-be4a-0350f71dc485,later.diet,available,104.99,114.99,high,low,5,namesilo,,,21/09/2026 22:11
d60cd313-d97e-446e-9281-1a0398dc9a85,verne.diet,available,93.35,103.4,medium,low,5,spaceship,,,29/09/2026 01:27
6ab3a085-5593-4f59-b4f2-bfdf03560798,skill.diet,available,93.35,103.4,high,medium,5,spaceship,,,28/09/2026 17:56
f797456a-d99f-4aee-b296-8be85a3ba12f,comparison.diet,available,104.99,114.99,high,low,10,namesilo,,,24/09/2026 16:42
e96c1b17-2c05-4ccc-9e8a-0fc7f39ff3ef,stayed.diet,available,104.99,114.99,medium,low,6,namesilo,,,27/09/2026 02:56
d5411828-c14d-475b-a025-352509837904,built.diet,available,104.99,114.99,high,low,5,namesilo,,,23/09/2026 10:20
7cd35c98-a0f4-4247-8e5c-7e15c53fe77e,fop.diet,available,299.99,299.99,medium,low,3,name.com,,,13/08/2026 17:09
9490a4dc-76f7-434a-bb72-02e7c7673ea7,salim.diet,available,104.99,114.99,high,low,5,namesilo,,,19/09/2026 04:37
37ff8ab2-ec45-4485-ac5a-bfca0b2c7f92,travis.diet,available,104.99,114.99,high,low,6,namesilo,,,25/09/2026 13:01
6a4dc89d-9d9d-4ac0-968f-4e773d82d6ec,gallican.diet,available,104.99,114.99,medium,low,8,namesilo,,,18/08/2026 19:40
7489f1b6-2c06-4c9a-980a-3ffc4cbdf582,explained.diet,available,104.99,114.99,medium,low,9,namesilo,,,17/09/2026 15:48
d8ba5a74-a563-4cd7-8d19-c63f2d55121d,branch.diet,available,100.2,100.2,high,low,6,cloudflare,,,29/09/2026 03:57
27346b73-f27f-440c-9bea-32dc066cb777,acid.diet,available,104.99,114.99,high,low,4,namesilo,,,
134350b4-2b0d-4698-95b0-d29a453a7390,vedic.diet,available,104.99,114.99,high,low,5,namesilo,,,13/09/2026 01:37
7cce6322-2ba0-49bd-bf6f-5e778c4c73e6,quicker.diet,available,104.99,114.99,high,low,7,namesilo,,,14/09/2026 17:44
a5c625cc-1548-4e81-914f-6d7ad4785098,diversely.diet,available,104.99,114.99,medium,low,9,namesilo,,,14/09/2026 13:25
3b3234d4-7eb2-4585-a374-e503d2688c90,lingo.diet,available,104.99,114.99,medium,low,5,namesilo,,,13/09/2026 04:12
9df3a7d7-1ebc-46b1-b7fe-19d64eb37a4a,caramel.diet,available,108.98,159.98,high,low,7,namecheap,,,11/08/2026 18:28
ba150e62-9512-4b2d-9916-fd103748ad15,zaman.diet,available,104.99,114.99,high,low,5,namesilo,,,18/09/2026 03:15
1744e128-ef82-4647-a2f0-a3729fccf845,aficionado.diet,available,108.98,159.98,high,low,10,namecheap,,,17/09/2026 15:01
6a8761f3-00bf-4f4e-8440-187917ad7000,autopsy.diet,available,108.98,159.98,high,low,7,namecheap,,,21/09/2026 07:38
347fb0a5-4620-41f9-8e90-7d98b682faa3,hill.diet,available,108.98,159.98,high,low,4,namecheap,,,28/09/2026 20:23
d4c70752-50f1-4f9b-921b-b7d87acbfa0d,kirkpatrick.diet,available,104.99,114.99,medium,low,11,namesilo,,,28/09/2026 12:22
f1b17244-8c17-445b-bbde-975c71c33bbe,prominent.diet,available,104.99,114.99,high,low,9,namesilo,,,27/09/2026 07:23
652297bf-0e7e-4cdd-9e64-a70f4b32982c,apadana.diet,available,108.98,159.98,medium,low,7,namecheap,,,19/09/2026 16:10
a3280d99-9047-47d5-a033-784ee14d643c,augustus.diet,available,104.99,114.99,high,low,8,namesilo,,,21/09/2026 04:02
bf9d1efe-0181-4177-ac86-bb7da1a64d20,enhance.diet,available,104.99,114.99,high,low,7,namesilo,,,
13580d60-08e9-452f-b692-96fb2610fbc6,archly.diet,available,104.99,114.99,medium,low,6,namesilo,,,13/09/2026 20:39
fe69da10-030f-40e7-abde-c765ce6b3160,polled.diet,available,104.99,114.99,high,low,6,namesilo,,,20/09/2026 17:21
4b8ef2ec-0ed9-4493-ae9e-a563868880e4,warned.diet,available,104.99,114.99,medium,low,6,namesilo,,,18/09/2026 02:46
a9765354-269e-402a-bf17-755cfc33de54,pushchair.diet,available,104.99,114.99,high,low,9,namesilo,,,21/09/2026 13:21
e7397cac-f8ff-47f2-b5aa-1de1b1511b9a,dixie.diet,available,100.2,100.2,medium,low,5,cloudflare,,,28/09/2026 09:26
ec1f8f99-4204-4764-bb9a-ca53f24089f1,bromide.diet,available,108.98,159.98,medium,low,7,namecheap,,,12/08/2026 19:15
0eb41031-fa99-4f9e-a199-e5453122368e,agnosia.diet,available,108.98,159.98,medium,low,7,namecheap,,,17/09/2026 18:46
7769aaef-56d2-4e7f-a847-6898322e6e6b,trollope.diet,available,104.99,114.99,medium,low,8,namesilo,,,19/09/2026 13:43
630a1fcd-71c4-4ea6-b650-15776e299b68,purchased.diet,available,104.99,114.99,low,low,9,namesilo,,,28/09/2026 17:30
42e8abe6-2b12-434d-bfdf-de243fac464e,tiddly.diet,available,104.99,114.99,medium,low,6,namesilo,,,11/09/2026 15:36
09913a91-b42a-4264-9764-2e4ec30a5c0c,osmanli.diet,available,104.99,114.99,medium,low,7,namesilo,,,04/09/2026 18:41
01f6d9a4-7104-46d2-af5b-7a4175598de7,anticlimax.diet,available,104.99,114.99,medium,low,10,namesilo,,,19/09/2026 14:16
00457d1a-e80b-4baa-96b0-bca4d84dcb0c,dishonored.diet,available,104.99,114.99,medium,low,10,namesilo,,,14/08/2026 10:23
3e65ab1a-d643-4567-b1f2-fda429b8793b,miniscule.diet,available,104.99,114.99,medium,low,9,namesilo,,,24/08/2026 23:55
1ad07f90-0ee2-4846-82dc-d215fdbd42a7,dotty.diet,available,108.98,159.98,medium,low,5,namecheap,,,06/08/2026 20:55
9fa6b558-cc20-4c46-826a-b32d642de879,downfall.diet,available,104.99,114.99,medium,low,8,namesilo,,,24/09/2026 23:39
72cf52d9-26d8-48d4-9ee2-b3242a5d7d86,omissive.diet,available,104.99,114.99,medium,low,8,namesilo,,,04/09/2026 02:28
ef8ec100-952a-48d0-ad7a-b31d098245b1,ogden.diet,available,104.99,114.99,medium,low,5,namesilo,,,25/09/2026 03:51
70d9e07c-277f-4301-b6bb-3fac1e57bd17,beans.diet,available,159.98,,high,low,5,namecheap,,,
ff75e9e0-7cd6-48b2-ade4-ec989be15b22,redolent.diet,available,104.99,114.99,high,low,8,namesilo,,,17/08/2026 15:16
e005efb9-bc7f-4aeb-9cce-558cf2ac2919,misplaced.diet,available,104.99,114.99,medium,low,9,namesilo,,,25/08/2026 01:32
cc615780-0b7b-4a39-a667-8a5777c47b8c,trusts.diet,available,93.35,103.4,medium,low,6,spaceship,,,28/09/2026 18:18
4ffeb43f-b55b-4b1e-a6b3-0bf5b42694fb,strike.diet,available,104.99,114.99,high,low,6,namesilo,,,25/08/2026 00:52
392e8002-1414-4fd3-af20-af7fdd6dbba7,iec.diet,available,104.99,114.99,medium,low,3,namesilo,,,28/09/2026 16:35
2cc7e547-32c7-4d79-a958-3c939a326c18,cholera.diet,available,104.99,114.99,medium,low,7,namesilo,,,20/09/2026 14:08
9c1abcd8-4fc6-4656-9354-14b82dfe57fb,argent.diet,available,108.98,159.98,medium,low,6,namecheap,,,06/08/2026 17:51
fea93515-c3f7-449a-8d61-d9269f042681,mythical.diet,available,104.99,114.99,high,low,8,namesilo,,,03/09/2026 12:31
32472b77-a5b3-4d3e-b13b-d3997ed9e6f2,begging.diet,available,104.99,114.99,medium,low,7,namesilo,,,23/09/2026 02:16
bf16f25f-ef75-4691-a72e-1f98f282b291,priscilla.diet,available,104.99,114.99,high,low,9,namesilo,,,28/09/2026 03:51
635981fe-f2e1-4015-9296-6700c5f42545,spends.diet,available,93.35,103.4,medium,low,6,spaceship,,,28/09/2026 08:36
23cafda0-5cb6-4905-a3a0-a2e902198a2c,arctic.diet,available,104.99,114.99,high,low,6,namesilo,,,06/08/2026 16:07
daa4745c-9605-4d54-ac4c-19f88a5cd205,ask.diet,premium,2660,2660,high,medium,3,namesilo,,,
49705063-baa2-4d57-aac6-6a60fc395ac6,forthright.diet,available,104.99,114.99,high,low,10,namesilo,,,11/08/2026 16:42
03fa8068-7917-42d5-8e7f-d3afa99096be,leonardo.diet,available,100.2,100.2,high,low,8,cloudflare,,,28/09/2026 18:51
f98d119d-91f5-4f1b-b3ca-08bba3e08bd7,biloxi.diet,available,108.98,159.98,high,low,6,namecheap,,,23/09/2026 16:52
a10158ba-b1b0-4a6a-ab1a-33b0997c1546,frisky.diet,available,104.99,114.99,high,low,6,namesilo,,,18/08/2026 16:02
0018a7e0-40c7-4400-bee8-030394275a59,termination.diet,available,104.99,114.99,high,low,11,namesilo,,,04/09/2026 07:49
be48f8cc-2d61-41ab-b3af-5c41e38d1d93,barclay.diet,available,108.98,159.98,high,low,7,namecheap,,,27/09/2026 03:05
cf8ee8aa-6714-47b1-9862-b85923f30b54,motorist.diet,available,104.99,114.99,high,low,8,namesilo,,,21/09/2026 07:26
82cec616-ee7d-49a0-9f37-ab0d9aebfcf4,clifford.diet,available,108.98,159.98,high,low,8,namecheap,,,25/09/2026 14:06
5293d779-0804-4b90-b02a-057f732ca7aa,saame.diet,available,108.98,159.98,high,medium,5,namecheap,,,09/09/2026 21:08
3e3b2311-58d8-46ea-bde4-a5461b06a966,gladiola.diet,available,104.99,114.99,medium,low,8,namesilo,,,19/08/2026 00:09
1f16d6fe-30f4-4655-9cef-62759b3a33db,enlarged.diet,available,104.99,114.99,high,low,8,namesilo,,,22/09/2026 22:37
ba30da5f-34d0-486c-8605-7d238f78441b,downgrade.diet,available,108.98,159.98,medium,low,9,namecheap,,,24/09/2026 23:39
cc2c289b-bfa7-4a2c-a5cb-b607a292f572,kokka.diet,available,104.99,114.99,medium,low,5,namesilo,,,08/09/2026 07:02
4558b703-74a5-405c-b98f-6dd40007e403,flown.diet,available,93.35,103.4,medium,low,5,spaceship,,,28/09/2026 17:01
12a44b62-b030-43c7-9cee-79149cce8e52,stunning.diet,available,104.99,114.99,high,low,8,namesilo,,,22/09/2026 08:34
21c801af-a11d-4742-a766-e92aa4050db5,tarsal.diet,available,104.99,114.99,medium,low,6,namesilo,,,11/09/2026 08:42
06afa035-1337-4a08-912a-c1a35a40ddfd,inhabited.diet,available,104.99,114.99,high,low,9,namesilo,,,22/08/2026 04:59
282b3a88-c293-442b-81b3-a0492418f071,constraints.diet,available,108.98,159.98,low,low,11,namecheap,,,20/09/2026 23:49
9e7869fe-78b4-4ff5-8473-16aee7c29080,umpteen.diet,available,104.99,114.99,medium,low,7,namesilo,,,11/09/2026 23:06
bc9d6680-94eb-468f-a069-41f05cc21644,discharge.diet,available,104.99,114.99,high,low,9,namesilo,,,20/09/2026 01:05
7ed237f7-b8ee-4745-a2dd-1f61350b91cf,erupt.diet,available,104.99,114.99,high,low,5,namesilo,,,
59138f64-f6ad-4658-a835-422d4830546e,glum.diet,available,104.99,114.99,medium,low,4,namesilo,,,20/08/2026 14:57
7ac82481-71a2-4c51-9445-37661271d36f,ceaseless.diet,available,104.99,114.99,high,low,9,namesilo,,,11/08/2026 23:01
d7f33f31-de3e-42a7-8a11-f63278e84e86,equivocal.diet,available,104.99,114.99,high,low,9,namesilo,,,
f3b3f17f-303a-4bc2-89c8-13af07916282,bayesian.diet,available,104.99,114.99,medium,low,8,namesilo,,,09/08/2026 03:13
b9917d7b-01aa-4277-a57b-7191470c985a,downscale.diet,available,108.98,159.98,medium,low,9,namecheap,,,14/08/2026 17:52
5b5567a8-1b91-467f-aa96-bf616e94b14b,sweltering.diet,available,104.99,114.99,medium,low,10,namesilo,,,11/09/2026 05:40
ab286847-1044-4bd2-8e15-be98ed088539,gallic.diet,available,104.99,114.99,medium,low,6,namesilo,,,18/08/2026 15:02
853c8226-5d97-46d3-b464-9d03f68e0cea,laptops.diet,available,104.99,114.99,medium,low,7,namesilo,,,20/09/2026 12:33
a893a326-7c98-4059-a939-93b083096bf0,sarcoid.diet,available,108.98,159.98,high,medium,7,namecheap,,,09/09/2026 21:28
04a22683-ebf1-4662-ba80-6b8fa07c7f43,visceral.diet,available,104.99,114.99,medium,low,8,namesilo,,,10/09/2026 16:02
104e1093-1278-487c-b55e-b68f9c9c630d,filesharing.diet,available,104.99,114.99,high,low,12,namesilo,,,18/09/2026 10:05
bd2b0213-4ed0-43eb-bf43-c230194b64cf,adient.diet,available,104.99,114.99,medium,low,6,namesilo,,,
0f9e2e94-5b6c-4b7a-81c4-bd7c378bbda2,customise.diet,available,104.99,114.99,high,low,9,namesilo,,,
d95e25eb-b180-4dd5-879f-f13e7cbd1daa,prideful.diet,available,104.99,114.99,medium,low,8,namesilo,,,17/08/2026 19:48
1e4f5c80-cbcd-4b80-9ee8-fcc239e62c2b,dive.diet,available,104.99,114.99,high,low,4,namesilo,,,
f089fe7b-89e2-42ea-bfa4-fa2d8bbe5920,carribean.diet,available,104.99,114.99,high,low,9,namesilo,,,
bdd542b2-40c2-4c3f-8ec7-af6c0a1843fa,lingual.diet,available,104.99,114.99,medium,low,7,namesilo,,,23/08/2026 15:07
2077cd34-1bb5-46cd-8833-37694bea6e2e,bitterness.diet,available,104.99,114.99,medium,low,10,namesilo,,,17/09/2026 03:08
4a19d607-36b9-4397-85ca-b7ff1053fc46,drain.diet,available,104.99,114.99,high,low,5,namesilo,,,24/09/2026 23:49
4e2651a9-5d8f-42b9-9d67-8b33d579ef41,duodecimal.diet,available,108.98,159.98,medium,low,10,namecheap,,,14/08/2026 21:19
35ed814d-caa0-4d70-9b4c-b2917e9836cc,classless.diet,available,104.99,114.99,medium,low,9,namesilo,,,12/08/2026 09:48
4360157d-b7c7-449b-a5e7-43d3d79d0da1,estimates.diet,available,104.99,114.99,medium,low,9,namesilo,,,20/09/2026 04:10
1ef86572-095a-41cb-9cbc-8e9dd81ac204,reinforced.diet,available,104.99,114.99,high,low,10,namesilo,,,23/09/2026 10:25
5fc62b2e-ea51-4e36-a3c0-ab5f9bd79d24,giant.diet,available,104.99,114.99,high,low,5,namesilo,,,24/09/2026 13:50
ec0c2410-3826-4b58-8b8e-beea6689f2f6,reservations.diet,available,108.98,159.98,medium,low,12,namecheap,,,17/09/2026 23:30
98b9d88f-bde8-4f37-bdf5-6aa192d46ee5,anyone.diet,available,159.98,,medium,low,6,namecheap,,,
e9e4a5a8-3f11-4b2d-ba40-816cb6639765,whap.diet,available,104.99,114.99,medium,low,4,namesilo,,,22/09/2026 10:30
318f5caa-6ea5-4702-a650-2ed740a1d805,rouged.diet,available,108.98,159.98,high,medium,6,namecheap,,,09/09/2026 18:49
a83acec1-27dd-433d-b49c-0ab7e08da832,alliance.diet,premium,2600,2600,high,low,8,namecheap,,,18/09/2026 07:42
0947ef35-1258-46d0-a8c5-42bc2a5b0c72,marries.diet,available,93.35,103.4,medium,low,7,spaceship,,,28/09/2026 23:51
d986d320-3e66-43c0-b9ed-0af3a03b97e3,acentric.diet,available,104.99,114.99,medium,low,8,namesilo,,,
3702002a-73b6-42f8-9b7e-853973a4a7ab,sixty.diet,available,104.99,114.99,high,low,5,namesilo,,,
af40dd74-142c-44fd-a2b6-6a133759d463,cenozoic.diet,available,104.99,114.99,medium,low,8,namesilo,,,11/08/2026 23:46
624a89f1-082e-4187-b73d-90ebdba943f5,umber.diet,available,104.99,114.99,high,low,5,namesilo,,,11/09/2026 22:59
d006c7c3-a0a3-4ea4-a0cf-d4f1757cebd6,textured.diet,available,104.99,114.99,medium,low,8,namesilo,,,12/08/2026 14:07
fc07f6fe-8c90-4282-b206-ce5e5fb0d0cf,duty.diet,available,104.99,114.99,high,low,4,namesilo,,,
0f5e2bc7-92bf-4cff-82f5-7fc156bcaa1c,intercepted.diet,available,104.99,114.99,medium,low,11,namesilo,,,28/09/2026 23:49
348c25f0-8703-4c67-b092-85647cd82849,repulsive.diet,available,104.99,114.99,medium,low,9,namesilo,,,
7b86439a-790e-45b8-992e-b629a1bea9e8,millionaire.diet,available,104.99,114.99,high,low,11,namesilo,,,28/09/2026 07:04
fccf1bdb-6682-47ff-8c4f-573c93134a8b,gnomish.diet,available,104.99,114.99,medium,low,7,namesilo,,,20/08/2026 15:45
4e4e1078-a054-4cf2-bdd7-5f02001e5817,chorale.diet,available,104.99,114.99,high,low,7,namesilo,,,12/08/2026 07:04
d8a3cf01-e111-4b3a-a415-5eb6b4e8c0ae,devilish.diet,available,104.99,114.99,medium,low,8,namesilo,,,14/08/2026 05:06
d6cc5419-5f3f-48d2-b864-5d4f15e952a0,beetle.diet,available,104.99,114.99,high,low,6,namesilo,,,09/08/2026 08:17
d8ddfa3f-c163-4494-b07c-0654af7864b4,crusted.diet,available,104.99,114.99,medium,low,7,namesilo,,,13/08/2026 09:22
4e8a724c-bb45-480c-bb19-7c8a2b5b387f,branches.diet,available,104.99,114.99,medium,low,8,namesilo,,,28/09/2026 17:02
22266ccf-b374-40b1-9a4a-ca486045c542,plagued.diet,available,93.35,103.4,medium,low,7,spaceship,,,29/09/2026 03:23
1447ae9d-81a1-4c3a-972b-9c1d31ee19a5,fizzing.diet,available,104.99,114.99,medium,low,7,namesilo,,,18/08/2026 06:02
8dd35153-374b-4825-91b2-30d7e17b1d07,rochelle.diet,available,93.35,103.4,medium,low,8,spaceship,,,28/09/2026 22:08
4f811745-4736-44e8-bec3-6acbc0d0706f,resole.diet,available,104.99,114.99,medium,low,6,namesilo,,,10/09/2026 13:33
dee67cf0-81b8-43d8-85d8-aeb93641379b,monkey.diet,available,159.98,,high,low,6,namecheap,,,
38cc3e98-f7f1-40c3-bcfe-aad616ee1494,palpitant.diet,available,104.99,114.99,medium,low,9,namesilo,,,05/09/2026 00:17
a94f751d-7d3f-4808-879c-2aa388fdf4ce,hilbert.diet,available,104.99,114.99,high,low,7,namesilo,,,28/09/2026 05:30
b937fe56-674d-4e64-888c-7b4d3243fc8e,beefeater.diet,available,104.99,114.99,medium,low,9,namesilo,,,23/09/2026 01:09
132b6166-0d8e-417a-a4d9-9b1f37bfa65c,edentulous.diet,available,108.98,159.98,medium,low,10,namecheap,,,15/08/2026 08:36
e2176510-1eb7-4470-98a5-07d4498c32f1,amnionic.diet,available,104.99,114.99,medium,low,8,namesilo,,,
ba0ef696-ca45-4a9a-9269-14fe4b001461,underbred.diet,available,104.99,114.99,high,medium,9,namesilo,,,10/08/2026 22:18
0ee1a303-608c-4591-9a14-03d3245926ad,astronomy.diet,available,299.99,299.99,high,low,9,name.com,,,20/09/2026 18:10
190935b7-68f5-45fd-beda-72cc483f7ffa,harriman.diet,available,104.99,114.99,medium,low,8,namesilo,,,21/09/2026 09:11
15a90c94-4d1f-4f89-a199-a7497150fb7a,starless.diet,available,108.98,159.98,medium,low,8,namecheap,,,10/09/2026 18:52
5d7ee7b9-9594-4825-b579-08a33fd29bb2,libyan.diet,available,104.99,114.99,high,low,6,namesilo,,,23/08/2026 00:54
3f5296c8-ec4c-4fb6-b4f0-94590c8d2684,autobahn.diet,available,108.98,159.98,high,low,8,namecheap,,,21/09/2026 05:50
d72711fa-9822-4350-9262-7eac064852bf,snickers.diet,available,104.99,114.99,high,low,8,namesilo,,,18/09/2026 04:34
9bf5abbf-baea-4e54-8fa5-bf33062bf7fd,funnily.diet,available,108.98,159.98,medium,low,7,namecheap,,,14/09/2026 20:40
565bd864-8cd5-4558-b9d1-9788d6f8c2ee,aslant.diet,available,104.99,114.99,medium,low,6,namesilo,,,07/08/2026 03:56
ea416e60-d0c4-4594-a08c-a49e7fe0c219,nebular.diet,available,104.99,114.99,medium,low,7,namesilo,,,12/08/2026 12:39
5655b7a8-fa89-43db-97b7-b205847216b5,system.diet,available,108.98,159.98,high,medium,6,namecheap,,,28/09/2026 04:06
39faa88c-da0d-41f7-ac90-e7da729fcbef,savvy.diet,available,104.99,114.99,high,low,5,namesilo,,,12/09/2026 07:40
d6a49e15-6f89-4dc0-98fa-d25cd6f930f9,deftly.diet,available,104.99,114.99,medium,low,6,namesilo,,,14/09/2026 11:20
7baff1bc-dd1c-4266-a450-d570930f1648,apocryphal.diet,available,104.99,114.99,medium,low,10,namesilo,,,06/08/2026 01:11
53e6a37f-ad98-40e3-b939-c54458e5d672,landscape.diet,available,104.99,114.99,high,low,9,namesilo,,,28/09/2026 12:24
5c2e3194-ab3e-460e-ba19-4dfae66183e4,tidy.diet,available,104.99,114.99,high,low,4,namesilo,,,20/08/2026 16:42
1be8c440-2555-4bcd-b48c-c52dbdca3405,wondering.diet,available,93.35,103.4,high,low,9,spaceship,,,28/09/2026 03:23
beeade22-e060-4818-a757-965898e11012,bevy.diet,available,104.99,114.99,medium,low,4,namesilo,,,23/09/2026 12:05
9e034090-f5e2-4661-9daf-9d3c613b7fe1,pomegranates.diet,available,104.99,114.99,medium,low,12,namesilo,,,20/09/2026 01:42
6fc965b6-3884-4bda-84a0-b40c10e8b955,westmoreland.diet,available,100.2,100.2,high,low,12,cloudflare,,,28/09/2026 04:13
00e0660b-16cf-4eec-a75a-071931624b08,stannic.diet,available,104.99,114.99,low,low,7,namesilo,,,10/09/2026 18:41
f559010b-0271-4b6e-b05d-e5100ba49ed9,viewless.diet,available,104.99,114.99,medium,low,8,namesilo,,,13/09/2026 05:40
2b7ebfb8-d7d7-43e5-beaa-cc06283bed80,blob.diet,available,104.99,114.99,medium,low,4,namesilo,,,29/09/2026 02:58
6340970c-34e6-4cb7-bce4-53d81866224f,troop.diet,available,103.5,103.5,high,low,5,porkbun,,,28/09/2026 02:58
a59c8ecd-2a6f-44de-bf67-19d531ba5a23,moron.diet,available,108.98,159.98,medium,low,5,namecheap,,,21/08/2026 20:28
60141377-c4a0-4272-a39e-63bddaad1217,taking.diet,available,104.99,114.99,high,low,6,namesilo,,,18/08/2026 02:22
e8f6b13e-fd33-4ddc-bbf6-a5a68aefd78d,sumbody.diet,available,104.99,114.99,low,low,7,namesilo,,,
bf7e0fbf-3072-4a74-ac87-2ce9abb12576,awesome.diet,resell,,,high,medium,7,1API GmbH,25/11/2014 16:01,25/11/2026 23:59,26/09/2026 04:11
75de7939-0f9b-4232-bb34-3b03834e0467,nestling.diet,available,104.99,114.99,high,low,8,namesilo,,,25/08/2026 00:18
c68941e1-6d19-4b95-bc2a-a652afaa22e4,dexterous.diet,available,104.99,114.99,high,low,9,namesilo,,,13/08/2026 23:51
b6991e78-4aa9-4c33-a87d-e6cd9c765c1f,fort.diet,available,104.99,114.99,high,low,4,namesilo,,,
88012bdc-cb0a-435e-a37d-aff7a82040b3,stoutness.diet,available,104.99,114.99,high,low,9,namesilo,,,04/09/2026 22:03
5d678b45-dc95-4f03-a470-62ac141f80b6,covenant.diet,available,104.99,114.99,high,low,8,namesilo,,,
ca850eb5-1f54-4367-a318-293b71c2ecb7,unframed.diet,available,104.99,114.99,medium,low,8,namesilo,,,12/09/2026 10:41
a1c8e5ca-c5f7-4497-b041-29cfbffdbb17,ascendant.diet,available,104.99,114.99,high,low,9,namesilo,,,
33482497-f845-4bb4-b787-53801b2b0aba,elevation.diet,available,108.98,159.98,high,low,9,namecheap,,,24/08/2026 20:49
9cd3b371-abed-463d-af79-c2ad64c4371b,ibanking.diet,available,104.99,114.99,medium,low,9,namesilo,,,20/09/2026 00:37
985a86d0-b9c3-47e5-9070-af8064b5f7d6,vise.diet,available,104.99,114.99,medium,low,4,namesilo,,,23/09/2026 07:37
13f4e22f-09e3-4ce3-80e1-9df6086e1a79,jealousy.diet,available,100.2,100.2,medium,low,8,cloudflare,,,28/09/2026 09:57
8a6537d9-48e4-410d-b8c1-1cc83464d16f,thracian.diet,available,104.99,114.99,medium,low,8,namesilo,,,11/09/2026 14:10
44593537-f60e-408b-8057-511bf8b02d6f,hope.diet,available,104.99,114.99,high,medium,4,namesilo,,,24/09/2026 06:22
f6ac6f9a-7108-4703-b7e7-f5870ece9138,comparing.diet,available,104.99,114.99,high,low,9,namesilo,,,24/09/2026 16:45
21c0b58b-65ba-4062-902f-82353d56abd4,brunette.diet,available,104.99,114.99,medium,low,8,namesilo,,,11/08/2026 06:56
8f26600b-88e3-4bca-b886-2ff56671702b,ecologic.diet,available,104.99,114.99,high,low,8,namesilo,,,10/08/2026 02:32
6a68710c-9721-4ee1-9492-ec07280f425e,dermic.diet,available,104.99,114.99,medium,low,6,namesilo,,,14/08/2026 03:09
a50a1752-f442-4dfc-857d-4b1e5a1ca3a6,waco.diet,available,100.2,100.2,high,low,4,cloudflare,,,28/09/2026 06:51
481dea89-e141-4213-b07f-613b58d80266,afterglow.diet,available,104.99,114.99,high,low,9,namesilo,,,17/09/2026 15:42
839b6dd5-f1e2-4764-a792-8bbd350b885e,sweeps.diet,available,104.99,114.99,medium,low,6,namesilo,,,18/09/2026 07:58
05174b89-50cc-4fc7-98d9-77f46cf3c89f,allowable.diet,available,104.99,114.99,high,low,9,namesilo,,,
9a7acfc7-487f-4c2d-bcff-af1d9b01a352,cheerful.diet,available,104.99,114.99,high,low,8,namesilo,,,12/08/2026 03:41
8aaa7dea-9b2f-431a-bc94-7170d056bfb2,alpinism.diet,available,108.98,159.98,medium,low,8,namecheap,,,18/09/2026 14:05
d949a5b8-246b-4b59-bd18-2544db15654a,wimp.diet,available,108.98,159.98,medium,low,4,namecheap,,,24/09/2026 19:54
8c4bb55f-db89-4764-9d0e-6182e4cd56c2,robbie.diet,available,93.35,103.4,high,low,6,spaceship,,,27/09/2026 19:05
2aedbd5b-2b27-4e2d-a9ed-9a510ab2c13e,hardest.diet,available,107.22,107.22,low,low,7,dynadot,,,28/09/2026 12:52
17701ed3-e769-48a4-adb4-b18ea45efe87,improved.diet,available,104.99,114.99,high,low,8,namesilo,,,21/08/2026 23:15
14e6b78d-01c7-4d20-af4a-0ed7b83c81e0,truly.diet,premium,2070.2,2070.2,high,low,5,spaceship,,,28/09/2026 15:02
a28d49e9-480f-47ac-8994-f68aca334a0c,clogged.diet,available,104.99,114.99,medium,low,7,namesilo,,,12/08/2026 06:41
0035db32-0bea-4c3f-b976-e226c5993b1e,bushy.diet,available,104.99,114.99,high,low,5,namesilo,,,11/08/2026 11:15
296b0009-5777-4b36-b4f4-7f8bad42a7b5,selling.diet,available,108.98,159.98,high,low,7,namecheap,,,25/09/2026 09:15
b7ffc1c2-cb2c-4411-bf38-9563d8e4821d,trillionaire.diet,available,159.98,,high,low,12,namecheap,,,
6874c038-29bd-48f6-a80e-99e8210865f4,spirits.diet,available,104.99,114.99,high,low,7,namesilo,,,29/09/2026 03:40
282db2f1-e7e9-45e6-81ee-5e8db94c42e2,sextuple.diet,available,104.99,114.99,medium,low,8,namesilo,,,10/09/2026 05:19
6d12fd6c-f498-499d-87b2-242b70e1a8cb,ollie.diet,available,100.2,100.2,high,low,5,cloudflare,,,29/09/2026 03:12
97661a85-4976-4e97-853f-ef4a04edc392,bestial.diet,available,108.98,159.98,medium,low,7,namecheap,,,09/08/2026 17:57
5a4134c4-a32e-4546-9e26-08e4b4f58ae3,conference.diet,available,104.99,114.99,high,low,10,namesilo,,,
1e65fd7b-064d-4406-903f-7b42934a97d3,unturned.diet,available,104.99,114.99,medium,low,8,namesilo,,,12/09/2026 21:54
ce56bba5-f12b-4e01-b17d-a94064e1bc2b,barometer.diet,available,104.99,114.99,high,low,9,namesilo,,,22/09/2026 07:00
732bc940-c529-4389-9358-095bf5803970,schweitzer.diet,available,104.99,114.99,high,low,10,namesilo,,,18/09/2026 02:40
8d1c79f9-e50a-479f-8825-29ee70dd9523,geeks.diet,available,104.99,114.99,high,low,5,namesilo,,,17/09/2026 16:02
c2021d79-ad89-41b6-ae55-02a3398003af,balfour.diet,available,104.99,114.99,medium,low,7,namesilo,,,16/09/2026 12:19
07118a88-842d-4bd9-8c0b-238cb20478c8,handbasket.diet,available,104.99,114.99,medium,low,10,namesilo,,,22/09/2026 11:03
0e27d68c-7efb-4414-924b-050e0b35e302,purr.diet,available,108.98,159.98,high,low,4,namecheap,,,23/09/2026 20:53
e20f1a77-4793-456f-8306-d777bcdced9e,westerly.diet,available,104.99,114.99,medium,low,8,namesilo,,,13/09/2026 10:53
7b3510c9-55af-4f2c-a4f8-ed87a7f380e6,dank.diet,available,104.99,114.99,high,low,4,namesilo,,,12/08/2026 09:24
8c3ac135-8216-4f5e-8083-42583cadbc38,seeks.diet,available,103.5,103.5,medium,low,5,porkbun,,,28/09/2026 23:37
d8046d03-6fc4-41b7-be01-56af540b1ed8,keyes.diet,available,104.99,114.99,medium,low,5,namesilo,,,28/09/2026 16:42
e3af3b57-e103-432d-a02f-8a987dfc9bd4,ratios.diet,available,104.99,114.99,medium,low,6,namesilo,,,20/09/2026 23:23
a6594ecb-7b80-4a47-8d3d-c606b043a000,dandified.diet,available,299.99,299.99,medium,low,9,name.com,,,13/08/2026 17:01
06ae775c-7a01-45d6-a16a-24bcaa7b6e16,runway.diet,available,93.35,103.4,high,low,6,spaceship,,,28/09/2026 06:39
3fa93030-3104-4163-b2b9-0d4ee809afa3,inorganic.diet,available,104.99,114.99,high,low,9,namesilo,,,22/08/2026 06:11
a9712447-d63f-4d89-b163-e381184777a2,diplomatic.diet,available,104.99,114.99,high,low,10,namesilo,,,24/09/2026 10:36
71e66a73-3ae7-4e7d-91cc-f75a879bb693,batty.diet,available,104.99,114.99,medium,low,5,namesilo,,,06/08/2026 20:35
38e705a2-451c-4c6d-ac75-fba9cfbc6a27,hartman.diet,available,104.99,114.99,high,low,7,namesilo,,,28/09/2026 00:35
4c2ba332-2033-4d8f-bc59-ff6b93e414af,orchestral.diet,available,104.99,114.99,high,low,10,namesilo,,,04/09/2026 17:42
67501142-cdc7-4b4c-8f61-f6f30cda37f6,antifreeze.diet,available,104.99,114.99,medium,low,10,namesilo,,,19/09/2026 14:23
09c234e2-83e0-4d3c-9b04-d39f6ae5e8dc,jenkins.diet,available,104.99,114.99,high,low,7,namesilo,,,25/09/2026 12:14
6b974415-0be0-46ee-b184-4a7113c85643,aroid.diet,available,104.99,114.99,medium,low,5,namesilo,,,06/08/2026 11:30
630fd455-2ff6-49ea-bfb0-011d51994dd5,cycles.diet,available,104.99,114.99,medium,low,6,namesilo,,,20/09/2026 09:25
3423283d-e045-4ded-9571-18de51792153,confirmed.diet,available,108.98,159.98,high,low,9,namecheap,,,23/09/2026 19:53
8c30d53f-dafa-4752-9023-137208838a29,undeniable.diet,available,104.99,114.99,high,low,10,namesilo,,,12/09/2026 07:15
de4db893-be89-4c06-a47b-a035518d9e77,corpulent.diet,available,104.99,114.99,medium,low,9,namesilo,,,13/08/2026 01:57
9e696472-7b3a-4a0c-9cf5-fb95fda55f8b,submarine.diet,available,104.99,114.99,high,low,9,namesilo,,,11/09/2026 00:16
f5669032-53e5-4113-ac3a-a0881dd3324a,focus.diet,available,104.99,114.99,high,medium,5,namesilo,,,19/09/2026 06:53
476f40ae-0028-4ae9-aeb0-88623b43a1b4,realm.diet,available,104.99,114.99,high,low,5,namesilo,,,28/09/2026 14:39
c82608df-e1bb-44fd-880d-0a171f15e776,manu.diet,available,104.99,114.99,high,low,4,namesilo,,,28/09/2026 11:11
70f52e70-6f18-4b3d-8e10-462ce7d187fc,oper.diet,available,108.98,159.98,medium,low,4,namecheap,,,28/09/2026 21:34
ebfbdaa8-8113-4f99-800b-0f014f18a275,rancid.diet,available,104.99,114.99,high,medium,6,namesilo,,,09/09/2026 10:12
8e20f91c-4ad6-47d7-b2ff-214ee57b9580,annealing.diet,available,104.99,114.99,high,low,9,namesilo,,,11/09/2026 10:58
7e0f886d-468a-406c-9ef4-3f9a8edc759c,jerusalem.diet,available,103.5,103.5,medium,low,9,porkbun,,,28/09/2026 09:14
3624b28b-952d-48a6-a443-7fbb87bfaf6d,giovanni.diet,available,104.99,114.99,high,low,8,namesilo,,,25/09/2026 14:42
1562d8f8-f410-46d5-ae09-2aec845f0a1b,cpr.diet,available,104.99,114.99,high,low,3,namesilo,,,24/09/2026 12:51
925bd01b-4e32-4bad-941c-65c30aa798ef,soigne.diet,available,104.99,114.99,medium,low,6,namesilo,,,10/09/2026 13:28
0c80d41c-7315-463c-8237-7e15271b8978,upcountry.diet,available,104.99,114.99,medium,low,9,namesilo,,,24/08/2026 22:37
38b98087-3cd1-4849-a06e-f87f723140f2,audacity.diet,available,299.99,299.99,high,low,8,name.com,,,21/09/2026 02:47
7b822982-3bb3-444b-8fff-b1cf3d3aaaa2,fleecy.diet,available,104.99,114.99,medium,low,6,namesilo,,,18/08/2026 07:42
488f5343-2b67-4eff-ab71-42a8388eaaa4,luxembourg.diet,available,,,high,high,10,,,,
88e232a5-8d02-4f5d-b58e-1622fca41295,resentment.diet,available,104.99,114.99,medium,low,10,namesilo,,,23/09/2026 23:03
e0008c58-7c15-4477-83ba-f0e01499c585,takeaways.diet,available,104.99,114.99,medium,low,9,namesilo,,,18/09/2026 05:02
acfdf78e-ba42-4d02-af9a-97875d49f22c,ste.diet,available,104.99,114.99,high,low,3,namesilo,,,27/09/2026 07:49
1c70ae96-4469-497f-8756-11977025aa9b,material.diet,available,104.99,114.99,high,low,8,namesilo,,,23/09/2026 23:27
bd5c78e3-5ea7-4cfb-a73d-99e44187b840,hanukkah.diet,available,104.99,114.99,high,low,8,namesilo,,,
0f7fea4e-1fbc-4344-aa4b-10a4e448c3d5,allegretto.diet,available,104.99,114.99,high,low,10,namesilo,,,
68da0ce2-7ab1-4154-accd-4c54e1975671,burberry.diet,premium,2660,2660,high,medium,8,namesilo,,,24/09/2026 11:17
902ba859-4bd5-4d24-9662-fc1b38cd2a7b,thong.diet,available,104.99,114.99,high,low,5,namesilo,,,
008ade5e-59aa-4ea5-b9c7-93bfa56413e2,aeriform.diet,available,104.99,114.99,medium,low,8,namesilo,,,
a59c7e2f-eb72-45f2-a71e-fb3a932e2178,sumatran.diet,available,104.99,114.99,high,low,8,namesilo,,,11/09/2026 01:31
86b9a82e-88d0-4a36-8188-082f0211f4b4,amusement.diet,available,104.99,114.99,high,low,9,namesilo,,,26/09/2026 00:23
d32cc00c-d094-4420-95e4-b711691bd291,cheering.diet,available,104.99,114.99,high,low,8,namesilo,,,12/08/2026 03:45
98b6e4da-2b5a-4c94-b71d-a28822fff662,evidenced.diet,available,104.99,114.99,high,low,9,namesilo,,,17/08/2026 15:00
9ce0b583-985a-41e2-9602-a13966db7e2b,pins.diet,available,104.99,114.99,high,low,4,namesilo,,,18/09/2026 08:25
ab3b0d94-480e-403d-bc1c-dffa26285d85,clipboards.diet,available,104.99,114.99,medium,low,10,namesilo,,,20/09/2026 11:59
1381764c-70b2-4ed8-a94c-8b2e41eff4dd,metalloid.diet,available,104.99,114.99,medium,low,9,namesilo,,,24/08/2026 21:37
3e438793-4c58-4ef1-984f-bc95d21553f9,buttons.diet,available,104.99,114.99,high,low,7,namesilo,,,
419a2d8e-8a16-4616-9b6d-3b7cadaf73bd,bettor.diet,available,104.99,114.99,medium,low,6,namesilo,,,23/09/2026 11:49
0f00af78-2bdc-4089-967c-181ae16c1991,nico.diet,available,104.99,114.99,high,medium,4,namesilo,,,29/09/2026 03:41
a7d052c8-eb75-4371-b7df-e9c04c5744d8,teaspoons.diet,available,104.99,114.99,medium,low,9,namesilo,,,19/09/2026 22:48
c09fd89c-8765-44d4-9bcb-50cbf8f879ad,astaire.diet,available,104.99,114.99,medium,low,7,namesilo,,,20/09/2026 16:54
8cd7481d-d881-4dbf-982c-687a423c3319,affiliate.diet,available,100.2,100.2,high,low,9,cloudflare,,,28/09/2026 19:17
f6f00521-d9b4-470d-9494-b83df671fbf2,brainless.diet,available,104.99,114.99,medium,low,9,namesilo,,,11/08/2026 01:41
dff5a07d-a1f8-4dbd-9ecd-89a87d891ed7,irc.diet,available,103.5,103.5,high,low,3,porkbun,,,28/09/2026 20:54
8acaab3a-c980-4bda-8ab0-0ebea230d8a0,colonised.diet,available,104.99,114.99,medium,low,9,namesilo,,,12/08/2026 17:25
d84c242f-3e61-4a21-ab36-4333d5a54160,unfaithful.diet,available,108.98,159.98,medium,low,10,namecheap,,,17/08/2026 21:18
c8607ffb-9642-4fcd-8149-f3e40bc4b444,bounds.diet,available,93.35,103.4,medium,low,6,spaceship,,,29/09/2026 00:15
efa474da-366a-4a76-acb2-ddf5f2208ec8,nonsteroid.diet,available,108.98,159.98,medium,low,10,namecheap,,,03/09/2026 20:43
a2238e99-7aa0-4392-99e7-e53637d1f102,dream.diet,available,93.35,103.4,high,medium,5,spaceship,,,28/09/2026 20:52
9cb24950-1255-43b2-b3aa-7d2109774644,cashiers.diet,available,104.99,114.99,medium,low,8,namesilo,,,20/09/2026 14:34
3017b2b8-5e27-461f-8ece-0a86229a9ecf,entirety.diet,available,104.99,114.99,high,low,8,namesilo,,,
af035e8a-264a-4735-9b79-df2fb532e93a,chaplin.diet,available,93.35,103.4,high,low,7,spaceship,,,28/09/2026 18:39
9b6ffe66-ca3e-4bff-8653-6e727076c334,deserve.diet,available,108.98,159.98,high,low,7,namecheap,,,25/09/2026 23:40
a9fc1cb2-2966-48d2-83d3-aaeafc84304d,storytellers.diet,available,104.99,114.99,high,low,12,namesilo,,,20/09/2026 12:55
1aa16c8b-41d0-434a-b4e6-aa5c0ccd3e93,potent.diet,available,104.99,114.99,high,low,6,namesilo,,,09/09/2026 00:48
3c425182-ae55-4026-b1de-a0170f5a2b26,rayless.diet,available,104.99,114.99,medium,low,7,namesilo,,,09/09/2026 10:46
a5631eca-9ff1-49aa-8fde-573f8afd2f80,cops.diet,available,104.99,114.99,high,low,4,namesilo,,,18/09/2026 22:05
4d2f0c7b-994b-4d26-a905-1a137f83d8bd,fix.diet,available,108.98,159.98,high,low,3,namecheap,,,27/09/2026 10:10
24d4c7c4-4fd8-4e19-b584-ca481525d56d,shakira.diet,premium,2660,2660,high,low,7,namesilo,,,
b546f9dc-71a6-4ed5-8272-eb520b9ae751,cake.diet,premium,2660,2660,high,low,4,namesilo,,,27/09/2026 02:19
84e9121b-a9c5-400f-b39b-97db61c7f3d0,nine.diet,available,104.99,114.99,high,low,4,namesilo,,,21/09/2026 13:23
8a9289b0-3b08-4b61-bcf3-b33d786edb4d,learner.diet,available,104.99,114.99,high,low,7,namesilo,,,19/09/2026 22:19
9be04616-86d9-46cd-8976-c9a8267aa609,beluga.diet,available,108.98,159.98,high,low,6,namecheap,,,17/09/2026 01:49
510ac7f4-5ee9-4132-aea0-3865128c64f7,incomplete.diet,available,104.99,114.99,high,low,10,namesilo,,,22/08/2026 01:53
59643d3a-6452-4594-bac5-531b8d93b313,hallmark.diet,available,104.99,114.99,high,medium,8,namesilo,,,20/09/2026 15:56
2da97d2b-beb1-4c00-adc4-3a1e188b1265,fogey.diet,available,104.99,114.99,medium,low,5,namesilo,,,18/08/2026 13:10
23cd043d-ba01-4909-ae29-ccd3eb49257a,quinn.diet,available,108.98,159.98,high,low,5,namecheap,,,25/09/2026 21:10
1774439f-4209-4d6f-9e71-d92a2ae98200,whom.diet,available,104.99,114.99,medium,low,4,namesilo,,,
2417f182-4351-47a9-aaae-c6734f21ac86,buckshee.diet,available,104.99,114.99,medium,low,8,namesilo,,,11/08/2026 07:33
630e400b-e63e-4a0f-8708-b4205f1dbb04,synthesized.diet,available,108.98,159.98,medium,low,11,namecheap,,,17/09/2026 19:35
ede66c38-c93b-4b53-ab67-3e67dcc7e9b8,stranger.diet,available,159.98,,high,low,8,namecheap,,,
0ac42cb5-7f85-42ce-a1c1-9a8557f71305,whatnot.diet,available,104.99,114.99,high,low,8,namesilo,,,
fa055492-a3c3-4b31-9f24-39e794bd61b8,checkmate.diet,available,104.99,114.99,high,low,9,namesilo,,,24/09/2026 14:02
12c9f4fb-758d-4e09-8aff-1fc550db9ef4,bracelet.diet,available,104.99,114.99,high,low,8,namesilo,,,22/09/2026 01:56
2376b168-83c1-406f-a34f-210560d1169c,fluid.diet,available,104.99,114.99,high,low,5,namesilo,,,18/08/2026 09:14
c2ba2762-f091-49ca-9f1a-13490dff8b03,vein.diet,available,104.99,114.99,high,low,4,namesilo,,,
d8e276af-fb7a-4dd2-b01a-2fead90ab6f8,philistine.diet,available,104.99,114.99,medium,low,10,namesilo,,,
d039df2a-4e78-451e-8ec9-3d48e7249e49,apparel.diet,available,100.2,100.2,high,low,7,cloudflare,,,28/09/2026 21:48
67420acd-33cd-4aac-9b10-22e6eb99443f,beatles.diet,available,108.98,159.98,high,low,7,namecheap,,,22/09/2026 21:43
f971503f-f5b3-485d-a4fb-dca815c735c6,given.diet,available,104.99,114.99,high,low,5,namesilo,,,24/09/2026 22:16
28916243-ab42-4ddc-b3d2-6799f2d6f17b,leadplant.diet,available,104.99,114.99,medium,low,9,namesilo,,,18/09/2026 22:45
b1a95f55-1f5a-4c8e-a174-836074ccbe46,quavering.diet,available,104.99,114.99,high,low,9,namesilo,,,09/09/2026 07:44
57d47ac6-f161-46b7-9768-2a943bbb338c,simplistic.diet,available,104.99,114.99,high,medium,10,namesilo,,,10/09/2026 08:16
66fee235-968d-4e6c-8d45-720a178752c1,standard.diet,premium,2660,2660,high,high,8,namesilo,,,27/09/2026 10:37
ad516f32-0885-414b-b5b0-4c9436c063aa,cone.diet,available,104.99,114.99,high,low,4,namesilo,,,
3d5f29f7-06bd-444f-8ad1-e94106af1914,improbable.diet,available,104.99,114.99,medium,low,10,namesilo,,,21/08/2026 23:07
014ef7c9-2c97-4f4f-92c8-2f7b75f3dc39,detour.diet,available,104.99,114.99,high,low,6,namesilo,,,
3c564a46-cc66-4fea-ae84-be9010d3cac3,cleavage.diet,available,104.99,114.99,high,low,8,namesilo,,,24/09/2026 15:29
20f99d4a-7090-4b70-a8a9-6499d81d287c,motorsport.diet,available,104.99,114.99,high,low,10,namesilo,,,17/09/2026 06:38
cb64a64d-a191-4797-b7a9-89e56904de96,leery.diet,available,104.99,114.99,medium,low,5,namesilo,,,22/08/2026 22:26
da980b67-3f9d-45bc-9cdf-a1cd9abefcd1,unsmooth.diet,available,108.98,159.98,high,medium,8,namecheap,,,09/09/2026 18:51
69746f02-eaf1-45dd-a697-98d7b4398191,begins.diet,available,108.98,159.98,medium,low,6,namecheap,,,25/09/2026 20:45
094c984f-87b3-4fc6-8b0d-00ad9bd6bc08,cain.diet,available,93.35,103.4,high,low,4,spaceship,,,28/09/2026 09:13
f0c7eb45-ba52-405f-bf15-b970028e3c1f,sleep.diet,available,104.99,114.99,high,medium,5,namesilo,,,25/09/2026 05:45
846a7bfd-4c52-4b54-b6ec-2317825acfc1,streamers.diet,available,299.99,299.99,medium,low,9,name.com,,,20/09/2026 01:44
fcb9a254-9611-4ca9-8222-a45b42056733,advertiser.diet,available,104.99,114.99,high,low,10,namesilo,,,17/09/2026 08:38
ce5b246e-42c5-4298-b1ff-50a5112dac1b,fresnel.diet,available,104.99,114.99,high,low,7,namesilo,,,21/09/2026 04:00
e86b0c0f-e052-4410-b76f-d5dcf28e6da0,wills.diet,available,104.99,114.99,medium,low,5,namesilo,,,29/09/2026 03:50
b1d5a24c-3866-427e-b5b4-2f68b42ade50,discord.diet,premium,2660,2660,high,medium,7,namesilo,,,
4193e0e6-f005-42a0-a010-e10a7b55d9cd,equipping.diet,available,104.99,114.99,medium,low,9,namesilo,,,20/09/2026 07:13
d0fbed57-d7bf-4d15-96e0-50ce6f4cc1bc,inchoate.diet,available,104.99,114.99,medium,low,8,namesilo,,,22/08/2026 01:16
816f4c55-57d9-4c29-b11c-7363eff9aaf0,brisken.diet,available,104.99,114.99,high,low,7,namesilo,,,11/08/2026 04:39
e3c13417-bd3e-437b-9d52-3776ba41b34d,slovenian.diet,available,104.99,114.99,medium,low,9,namesilo,,,10/09/2026 11:19
b9647737-f377-4fe0-811a-81e6510b6838,texan.diet,available,104.99,114.99,high,low,5,namesilo,,,11/09/2026 12:15
521e6690-ace2-41ff-b4ae-19d337d1ef9b,prey.diet,available,107.22,107.22,high,low,4,dynadot,,,27/09/2026 13:29
2ac24460-3e15-4ed5-a231-35c2f9ffa2a9,continents.diet,available,104.99,114.99,medium,low,10,namesilo,,,18/09/2026 12:00
61c3ea7b-1785-4386-bd61-007448a332c4,unrefined.diet,available,104.99,114.99,medium,low,9,namesilo,,,12/09/2026 17:28
175cfa11-1308-4d8b-a1f0-606d361bbd89,agerasia.diet,available,108.98,159.98,medium,low,8,namecheap,,,17/09/2026 17:14
e8a7cdef-723f-4d95-b64b-caf66526b5e3,dimorphic.diet,available,104.99,114.99,medium,low,9,namesilo,,,14/08/2026 08:09
86453129-f42b-42ef-889f-c58d65ce2249,drilled.diet,available,108.98,159.98,medium,low,7,namecheap,,,14/08/2026 19:21
d7882a52-7262-4bf5-8917-544c4ca8f238,kisses.diet,available,104.99,114.99,medium,low,6,namesilo,,,28/09/2026 04:53
649672ad-3a98-4abd-91cf-2b3c7e07bc2a,lexically.diet,available,104.99,114.99,medium,low,9,namesilo,,,15/09/2026 11:16
b5037c43-065b-4ac1-80d5-b0ffa59355ef,parvenue.diet,available,104.99,114.99,medium,low,8,namesilo,,,03/09/2026 22:16
1ad132f0-68e9-4163-b4af-111d1269128f,taxi.diet,available,104.99,114.99,high,low,4,namesilo,,,24/09/2026 11:29
fc817596-a2bd-4f1b-85d0-23089c9a6a3e,shrunken.diet,available,104.99,114.99,high,medium,8,namesilo,,,10/09/2026 06:58
4ba65e0f-b929-4876-a404-bb633405f7e7,sunset.diet,premium,2660,2660,high,low,6,namesilo,,,28/09/2026 01:58
7acc47f1-9cbd-44d3-ab8a-3e66e486341f,wolfgang.diet,available,104.99,114.99,high,low,8,namesilo,,,25/09/2026 15:09
cfb89f2d-6cba-433a-b19d-99c90d619297,dns.diet,available,108.98,159.98,high,medium,3,namecheap,,,29/09/2026 03:47
e2372c52-03e2-43ac-b59a-3e2c1e8e58e7,theist.diet,available,104.99,114.99,medium,low,6,namesilo,,,11/09/2026 12:37
6a105d8c-db27-4b9e-9de3-e483b538a94a,fervent.diet,available,104.99,114.99,high,low,7,namesilo,,,06/08/2026 16:14
8a5f111a-8f04-4410-85dc-be411505028b,hie.diet,available,108.98,159.98,medium,low,3,namecheap,,,09/09/2026 19:49
8e59370f-08cb-40fa-96e0-da88b9c69ad9,organize.diet,available,104.99,114.99,high,low,8,namesilo,,,23/09/2026 23:13
b03d41ef-4805-4760-a054-90b2f48e522d,unbeatable.diet,available,104.99,114.99,high,low,10,namesilo,,,25/09/2026 11:12
e27ded32-f968-4905-a040-5a846442da1c,vital.diet,available,108.98,159.98,high,low,5,namecheap,,,18/08/2026 18:16
1638bf83-6295-4504-a539-ad8ce63fb517,lazily.diet,available,104.99,114.99,medium,low,6,namesilo,,,15/09/2026 01:40
37bbcbf3-b8d2-4a63-aad8-70e762cd5e94,prevailing.diet,available,104.99,114.99,high,medium,10,namesilo,,,09/09/2026 01:27
bd447f8e-160f-4484-8d8b-1c5af1d1081a,populations.diet,available,299.99,299.99,medium,low,11,name.com,,,18/09/2026 17:58
468b08cc-c6d8-4665-980d-61d66236cfa9,scouser.diet,available,104.99,114.99,medium,low,7,namesilo,,,24/08/2026 08:11
c42b027f-1c7f-4a1d-be89-1a2235479374,betaine.diet,available,104.99,114.99,medium,low,7,namesilo,,,23/09/2026 11:03
8b43a26d-ad85-44a4-9b65-e934c844417d,respondents.diet,available,104.99,114.99,medium,low,11,namesilo,,,25/09/2026 21:41
8325f8d9-90c4-447a-814e-7d8176564320,picker.diet,available,104.99,114.99,medium,low,6,namesilo,,,24/09/2026 14:45
e689feed-5d26-4a66-8c53-f2033e999785,fireproof.diet,available,104.99,114.99,high,low,9,namesilo,,,18/08/2026 05:07
99a1705b-cade-4ff8-a6c8-547f47d4b2e7,bigger.diet,available,108.98,159.98,high,low,6,namecheap,,,22/09/2026 20:34
5386e73a-21b9-4295-b82d-f95e95decd0e,feeder.diet,available,108.98,159.98,high,low,6,namecheap,,,12/08/2026 21:09
c3234e14-10a2-407b-b728-c99ffbe695fe,offsides.diet,available,104.99,114.99,medium,low,8,namesilo,,,04/09/2026 01:40
ceb53922-667c-4bff-986e-4b66747f71c8,volkswagen.diet,available,104.99,114.99,high,low,10,namesilo,,,
8b628a40-42c6-4a6b-ae22-1bbcb0fe3cc5,admirer.diet,available,104.99,114.99,high,low,7,namesilo,,,17/09/2026 08:56
2614cc4f-faf9-4e0b-b672-885c8f114c80,ascendable.diet,available,104.99,114.99,medium,low,10,namesilo,,,07/08/2026 00:35
f7952cce-0b45-40af-93bd-2db5267202be,maternally.diet,available,104.99,114.99,medium,low,10,namesilo,,,25/08/2026 07:10
ca357f30-a8ff-4ee0-a832-8c5cd418f2e7,gazillion.diet,available,108.98,159.98,high,low,9,namecheap,,,11/09/2026 19:54
816cf189-b4a3-404b-b28e-b79604b6e991,hamilton.diet,available,93.35,103.4,high,medium,8,spaceship,,,28/09/2026 20:18
2c52006c-7f44-4637-95dd-c2ffe966edad,braid.diet,available,104.99,114.99,high,low,5,namesilo,,,24/09/2026 07:53
60180547-322d-4ed0-83b9-72004865362e,tuck.diet,available,107.22,107.22,medium,low,4,dynadot,,,28/09/2026 15:12
6fa4ecde-dc5f-4310-895f-3ed91a04ccfc,walter.diet,available,104.99,114.99,high,medium,6,namesilo,,,25/09/2026 03:36
8b41cf43-aaa9-4716-a873-e4f162eadfc0,blackburn.diet,available,104.99,114.99,high,low,9,namesilo,,,24/09/2026 02:11
2642e24f-877a-4c43-8bd7-de463e8bc874,sup.diet,available,159.98,,high,low,3,namecheap,,,
d7eb4e66-eb08-433a-92ab-af7c7ff18083,spanish.diet,available,104.99,114.99,high,low,7,namesilo,,,28/09/2026 00:05
09956143-12d9-4708-8591-d6c071be8fee,motherly.diet,available,104.99,114.99,high,low,8,namesilo,,,25/08/2026 07:06
12ac03a6-ce12-4437-a457-47e42f6fa8cf,rubbish.diet,available,104.99,114.99,medium,low,7,namesilo,,,28/09/2026 09:24
e7011056-ce40-4882-96d6-7cb61fe98dad,cob.diet,available,104.99,114.99,high,low,3,namesilo,,,23/09/2026 23:42
f04b4153-f9b4-4a31-a85c-08574494b46e,ancestral.diet,available,104.99,114.99,high,low,9,namesilo,,,
f782f24d-573a-4817-8638-65c3b6c8f118,newsworthy.diet,available,104.99,114.99,high,low,10,namesilo,,,03/09/2026 16:53
f3a16385-29ab-44d1-8311-8e5ebcc03792,pigheaded.diet,available,104.99,114.99,medium,low,9,namesilo,,,11/08/2026 08:32
615762c2-52e1-4d79-8fc2-7d9e30ed13f0,castled.diet,available,108.98,159.98,medium,low,7,namecheap,,,11/08/2026 20:28
747b0c18-9eec-42af-abb0-69844b4e040a,walton.diet,available,108.98,159.98,high,low,6,namecheap,,,25/09/2026 05:07
01a4c349-1c3c-448e-936f-cd8b311c01d5,bulls.diet,premium,2600,2600,high,low,5,namecheap,,,28/09/2026 07:33
efcee1b7-fcbb-4ca1-b015-2f8dc5c2741d,conceited.diet,available,108.98,159.98,medium,low,9,namecheap,,,12/08/2026 19:54
c8b64a38-fe49-46f9-a051-5070219556fb,unaged.diet,available,104.99,114.99,high,low,6,namesilo,,,12/09/2026 00:11
ecb9b76c-b23d-4f68-bac3-236efc228320,raucous.diet,available,104.99,114.99,high,medium,7,namesilo,,,09/09/2026 10:38
78126d21-dfef-4926-bbd0-039fa5110c69,elected.diet,available,104.99,114.99,high,low,7,namesilo,,,16/08/2026 02:35
2b0cc09a-d593-40a9-934c-0f6bf46fa58f,adenosine.diet,available,104.99,114.99,medium,low,9,namesilo,,,17/09/2026 07:32
cb150f6f-0b5c-4ed7-9cb6-a1b55fb9e7e0,cordate.diet,available,104.99,114.99,high,low,7,namesilo,,,13/08/2026 00:50
2c354b98-9bd3-4b93-8515-15ef02c52876,lung.diet,available,104.99,114.99,high,low,4,namesilo,,,27/09/2026 14:50
09e78e37-e455-460a-8e28-9d5573271208,midland.diet,available,104.99,114.99,high,low,7,namesilo,,,24/08/2026 22:36
b1ea8151-445f-4794-9327-b5cf8272e324,philadelphia.diet,available,104.99,114.99,high,low,12,namesilo,,,
26e55a63-0371-4956-9ae5-4c163533fa06,infatuated.diet,available,104.99,114.99,high,low,10,namesilo,,,16/08/2026 21:11
b9c9c101-0e55-4351-9f5a-4c4dd70fb813,furnishing.diet,available,93.35,103.4,high,low,10,spaceship,,,28/09/2026 02:47
1b353e5e-0394-41ab-8d57-408ff03741b6,backup.diet,available,93.35,103.4,high,low,6,spaceship,,,28/09/2026 06:59
6f21aa3f-c191-4861-a958-1dcd8031e6cf,gary.diet,available,104.99,114.99,high,low,4,namesilo,,,25/09/2026 06:21
38f10497-5116-4dd2-bb33-2f6d95f60606,trendy.diet,available,108.98,159.98,high,low,6,namecheap,,,11/09/2026 19:19
0a143cad-d370-4fa2-ac5d-b577cf8c6b5e,platitude.diet,available,108.98,159.98,medium,low,9,namecheap,,,12/08/2026 19:12
c0deafd4-e63c-48d1-8be3-fecbd45ad730,several.diet,available,104.99,114.99,high,low,7,namesilo,,,
1cdb3a0d-cf4b-4306-bdc7-ca4fee04909c,gonzales.diet,available,107.22,107.22,medium,low,8,dynadot,,,27/09/2026 20:26
6b975afb-de57-437e-b0b7-8af5aef23582,dating.diet,available,159.98,,high,low,6,namecheap,,,
926b2fa5-451b-4d97-bc24-18ec1f2e5d60,unsealed.diet,available,108.98,159.98,medium,low,8,namecheap,,,12/09/2026 19:07
a28c4f12-98c7-4b91-b6f0-f02951f37268,modish.diet,available,104.99,114.99,high,low,6,namesilo,,,
ebc36c2f-5aea-459e-9e02-05c5f5ab2ece,imaginary.diet,available,108.98,159.98,high,low,9,namecheap,,,21/08/2026 20:16
991ceeb7-0c20-45b2-b4e8-6a41ce7e8bd4,falcon.diet,available,108.98,159.98,high,medium,6,namecheap,,,28/09/2026 19:10
19d8f241-5b49-4397-a56a-edbf8e01f14d,inductive.diet,available,104.99,114.99,medium,low,9,namesilo,,,22/08/2026 03:29
0d82bc13-a07a-4a65-8cf7-20370714502e,mothy.diet,available,104.99,114.99,low,low,5,namesilo,,,25/08/2026 07:14
ee1bcd9a-124c-48d0-852a-c02f641b2f2e,neurologic.diet,available,104.99,114.99,medium,low,10,namesilo,,,03/09/2026 16:16
ff55ae36-1039-4ace-b047-1da21a6bc5ef,cropped.diet,available,104.99,114.99,high,low,7,namesilo,,,13/08/2026 07:53
29752967-8358-496d-9645-90d7ece12d00,andalusia.diet,available,104.99,114.99,high,low,9,namesilo,,,19/09/2026 03:57
91ce67bc-8661-40ce-83e3-0b9bade543f8,employed.diet,available,108.98,159.98,high,low,8,namecheap,,,16/08/2026 18:24
ac1e80ba-4581-49ed-aab3-a42df221d333,antipodean.diet,available,104.99,114.99,medium,low,10,namesilo,,,
197e593b-5294-4a1c-b2e2-c7716933731a,theyre.diet,available,104.99,114.99,medium,low,6,namesilo,,,
d28b39ff-1d58-4016-9366-990f2cf25e61,pout.diet,available,108.98,159.98,medium,low,4,namecheap,,,18/09/2026 18:12
5dd56c68-6434-49e3-a08d-c23bae7fe8e6,demonstration.diet,available,104.99,114.99,high,low,13,namesilo,,,
8422d93d-296a-48f7-be95-53bcc4febd71,consistently.diet,available,104.99,114.99,high,low,12,namesilo,,,
a6a8db94-29bd-4dbc-9c6d-82316390f95c,pied.diet,available,104.99,114.99,high,low,4,namesilo,,,03/09/2026 10:39
4b564976-0b12-412a-87bd-e94a669b227a,kraus.diet,available,104.99,114.99,medium,low,5,namesilo,,,29/09/2026 03:34
be69d700-c770-41a0-9983-2b15def0343a,arrives.diet,available,108.98,159.98,medium,low,7,namecheap,,,20/09/2026 01:05
de363d65-144d-415a-812f-462485db0f6a,lockbox.diet,available,104.99,114.99,high,low,7,namesilo,,,
e61500bd-ac39-4925-a999-8c45aad1b73b,ergo.diet,premium,2600,2600,high,low,4,namecheap,,,14/09/2026 15:56
9fea0ab6-a683-4167-a145-bc3edfd190f9,specialist.diet,available,214.99,214.99,high,low,10,godaddy,,,28/09/2026 02:23
39be2c9f-25de-4d7d-9599-e369b470b43d,niggers.diet,available,104.99,114.99,low,low,7,namesilo,,,16/09/2026 14:20
a55bd420-f025-46b5-83e2-cd65c71131e3,jared.diet,available,104.99,114.99,high,low,5,namesilo,,,27/09/2026 11:10
357e0e48-5f56-428e-86b1-29fe52b1dfb7,fingered.diet,available,104.99,114.99,medium,low,8,namesilo,,,18/08/2026 04:53
5e81db6a-15d4-44b2-a2de-097cb4da1350,depths.diet,available,93.35,103.4,medium,low,6,spaceship,,,28/09/2026 23:11
0582323d-897f-4c3b-97d2-e50b7fb27fc7,abu.diet,available,104.99,114.99,high,low,3,namesilo,,,29/09/2026 03:39
545e5b86-e71f-4bd5-922e-584ac0bdebe8,crouch.diet,available,104.99,114.99,medium,low,6,namesilo,,,10/09/2026 17:37
b239d479-fe27-467e-bbe6-d1f4549698c4,fractions.diet,available,104.99,114.99,medium,low,9,namesilo,,,20/09/2026 01:27
a514855c-9747-4e93-bcdf-22e4c479d237,bahaism.diet,available,108.98,159.98,medium,low,7,namecheap,,,21/09/2026 18:33
c8b145d9-2429-45e8-a833-b55082ca8ac3,amidships.diet,available,104.99,114.99,medium,low,9,namesilo,,,
b9e1bac4-c010-4975-8e95-1fda0d43e99f,types.diet,available,104.99,114.99,high,low,5,namesilo,,,18/09/2026 16:19
02b50313-2a19-4824-9c6a-f4eb1ab85c58,meuse.diet,available,104.99,114.99,medium,low,5,namesilo,,,20/09/2026 04:35
4bd82255-1f80-4dfb-a269-5122c72b4b43,tourist.diet,available,104.99,114.99,high,low,7,namesilo,,,
4574f746-c157-4735-acd6-18bcc19edb1b,mickle.diet,available,104.99,114.99,medium,low,6,namesilo,,,25/08/2026 00:32
52087c6f-28d8-47d5-ad84-fe69714fd5de,anabolic.diet,available,104.99,114.99,high,low,8,namesilo,,,
d15e4f36-39e5-4030-8ff3-ea9ed4ac0d72,benzoate.diet,available,104.99,114.99,medium,low,8,namesilo,,,23/09/2026 08:56
a0ef8751-21d3-4126-9649-97c7efdfbf5a,esophageal.diet,available,104.99,114.99,medium,low,10,namesilo,,,17/08/2026 13:16
09cb0c6e-cf0f-4220-b2e9-2716c961c24b,abronia.diet,available,104.99,114.99,medium,low,7,namesilo,,,16/09/2026 17:19
798d4672-ce16-4064-94a1-8bf3dee1b18d,spelling.diet,available,108.98,159.98,high,low,8,namecheap,,,28/09/2026 03:07
fef787a3-f19e-4a25-995b-e51e1bd2ff97,outline.diet,available,104.99,114.99,high,low,7,namesilo,,,24/09/2026 23:45
131c42fc-1ea9-4518-b4ca-8e559c66395a,attired.diet,available,104.99,114.99,medium,low,7,namesilo,,,06/08/2026 04:47
d33133d9-03f5-4d99-a196-f9435777b12d,chase.diet,premium,2660,2660,high,high,5,namesilo,,,
16aa8db9-356d-4f48-bd23-bbfb9a217e49,karl.diet,premium,2660,2660,high,low,4,namesilo,,,25/09/2026 13:41
fbdceceb-a2f5-4148-8c73-1a0bed80c0d7,asymptotic.diet,available,104.99,114.99,medium,low,10,namesilo,,,07/08/2026 10:30
b6c87f00-c5dc-497e-b96b-aaca69553e7d,innovator.diet,available,93.35,103.4,high,low,9,spaceship,,,28/09/2026 02:49
4b7d59bf-97db-4db0-916f-d201efccce95,inelegant.diet,available,104.99,114.99,medium,low,9,namesilo,,,22/08/2026 03:44
d7a95d6c-177b-4aca-be64-16ddcf2c6236,trading.diet,available,104.99,114.99,high,low,7,namesilo,,,
6ca96686-d68f-4c88-ae2c-a9f2823e45ce,bearish.diet,available,104.99,114.99,medium,low,7,namesilo,,,09/08/2026 04:48
f493c85c-438b-47c1-81bf-fbf8061c7ae7,axis.diet,available,104.99,114.99,high,medium,4,namesilo,,,28/09/2026 23:58
0fd73d3e-355d-4167-b677-02fbc05744c7,theodore.diet,available,104.99,114.99,high,low,8,namesilo,,,29/09/2026 02:58
10adaa2e-fa78-4c81-b08c-d9fe7f00a13e,ported.diet,available,104.99,114.99,high,low,6,namesilo,,,20/09/2026 15:39
37f79967-6740-42bf-9a95-7540fbfd6531,blastoff.diet,available,104.99,114.99,high,low,8,namesilo,,,24/09/2026 04:43
a67a27b4-71ff-43f1-8a39-17f70fe4880a,motored.diet,available,104.99,114.99,medium,low,7,namesilo,,,25/08/2026 08:30
63ab7a79-8f5a-4760-a289-919ffe2a564b,anhidrosis.diet,available,104.99,114.99,medium,low,10,namesilo,,,19/09/2026 07:47
7d88a851-a0d3-42e4-8613-042038757d8f,centesimal.diet,available,104.99,114.99,medium,low,10,namesilo,,,
9b549431-4c9d-40b1-90d5-8d164c99549c,aurally.diet,available,104.99,114.99,medium,low,7,namesilo,,,13/09/2026 22:46
cdc4d555-72d0-4de3-adfd-581124f06b13,factual.diet,available,108.98,159.98,high,low,7,namecheap,,,17/08/2026 20:31
382d86b5-d530-4f30-9ff5-e4170aadbbe4,likely.diet,available,104.99,114.99,high,low,6,namesilo,,,25/09/2026 13:46
daee1381-f812-447b-98ef-bec70c6340c7,flynn.diet,available,108.98,159.98,high,low,5,namecheap,,,25/09/2026 15:37
de239802-6e36-42a3-89b8-c09c017a3e02,bricole.diet,available,104.99,114.99,medium,low,7,namesilo,,,20/09/2026 00:36
b61687c5-e818-4d15-bce2-79d4e7748dd7,unevenly.diet,available,104.99,114.99,medium,low,8,namesilo,,,15/09/2026 22:30
0905651c-fb8a-412b-b907-1e2517af81ee,coins.diet,available,104.99,114.99,high,medium,5,namesilo,,,16/09/2026 08:35
1486b2e6-41a7-4bac-810c-ab89960c84c9,sublingual.diet,available,104.99,114.99,medium,low,10,namesilo,,,11/09/2026 00:14
004c5998-b85d-481b-b55c-02490815590b,colonel.diet,available,104.99,114.99,high,low,7,namesilo,,,27/09/2026 03:33
bdaa1704-d9b8-4f8f-8621-338611c6777a,confidante.diet,available,104.99,114.99,high,low,10,namesilo,,,24/09/2026 17:12
1477f08e-1903-4e3d-9fe6-fbbf68213976,haywire.diet,available,108.98,159.98,medium,low,7,namecheap,,,
b86d3740-50c5-4aca-9f94-5a5448d4c6c8,collision.diet,available,104.99,114.99,high,low,9,namesilo,,,
e92c57e2-8639-4813-99d3-a4e06cfbb0fc,kerry.diet,available,108.98,159.98,high,low,5,namecheap,,,28/09/2026 03:22
eadf7967-da09-497a-b287-ed3d206d5734,television.diet,available,104.99,114.99,high,low,10,namesilo,,,28/09/2026 15:29
b5bd98b6-6eb0-4304-9a91-e55cd44e9c03,nuts.diet,available,104.99,114.99,high,low,4,namesilo,,,22/09/2026 08:20
642d690c-bec4-41fa-814b-b0e99547da06,arousal.diet,available,108.98,159.98,high,medium,7,namecheap,,,09/09/2026 19:07
13856b23-a2df-4106-b6fd-f3a9f6b31102,donkey.diet,available,104.99,114.99,high,low,6,namesilo,,,
e7ad38d3-8779-417a-812b-41f884bf429c,halt.diet,available,108.98,159.98,high,low,4,namecheap,,,24/09/2026 01:49
9f93dbc8-736a-4f2c-979b-8eb29c29bae3,developed.diet,available,104.99,114.99,high,low,9,namesilo,,,24/09/2026 07:51
81c0c0f9-da2b-446d-ab0b-e27de4073c1b,ante.diet,available,104.99,114.99,medium,low,4,namesilo,,,19/09/2026 12:39
1876db4a-1530-4b00-8b54-0f8145e0f960,doughy.diet,available,104.99,114.99,medium,low,6,namesilo,,,14/08/2026 17:03
625c48d7-9a76-44ea-983e-30b3347f7a10,gogh.diet,available,100.2,100.2,medium,low,4,cloudflare,,,28/09/2026 19:21
18f375d6-2f7f-407f-92c8-6025e2fcbec8,dollarfish.diet,available,108.98,159.98,medium,low,10,namecheap,,,20/09/2026 21:42
70b21477-c41e-4fc2-b053-417838a7f753,initiate.diet,available,104.99,114.99,high,low,8,namesilo,,,17/08/2026 09:35
a7dadf5f-3b11-4ed8-83b7-c2bedcea8136,lightwood.diet,available,108.98,159.98,medium,low,9,namecheap,,,16/09/2026 20:15
d8ab4362-52ce-4c87-8970-11548911279f,scholarship.diet,available,108.98,159.98,high,low,11,namecheap,,,28/09/2026 03:18
10c5f087-19dd-48b7-85bd-679a380efa97,compulsory.diet,available,108.98,159.98,high,low,10,namecheap,,,23/09/2026 18:17
9dce4273-4f82-4d3a-92a2-325d5aeb68e3,delgado.diet,available,103.5,103.5,high,low,7,porkbun,,,28/09/2026 17:40
ef4faef5-18e7-4bd5-828f-433b1c190105,conquering.diet,available,104.99,114.99,high,low,10,namesilo,,,24/09/2026 17:24
5b266021-864c-43de-bc2b-fc1dc558deea,weeping.diet,available,104.99,114.99,high,low,7,namesilo,,,12/08/2026 00:52
84f8c952-87c7-402a-9896-867503c20288,eli.diet,available,93.35,103.4,high,low,3,spaceship,,,27/09/2026 18:02
049e078d-1ea4-4af0-a341-961f7c14bed6,bethune.diet,available,104.99,114.99,medium,low,7,namesilo,,,23/09/2026 11:17
5d9fac71-706d-410a-bfd7-8926072cd1c5,induced.diet,available,104.99,114.99,high,low,7,namesilo,,,22/08/2026 03:27
39fd176e-8d7e-4ad2-b61b-2bf41b418b67,aluminum.diet,available,108.98,159.98,high,low,8,namecheap,,,18/09/2026 00:21
1dd507c7-2c8a-427f-ac0c-18cf15a07560,corporation.diet,available,104.99,114.99,high,low,11,namesilo,,,27/09/2026 16:41
b02729c2-1926-4184-82bc-9e285e19544b,prohibited.diet,available,104.99,114.99,medium,low,10,namesilo,,,08/08/2026 13:48
56ab4ac8-3754-43ea-8398-fd104ff60d99,radios.diet,available,108.98,159.98,medium,low,6,namecheap,,,18/09/2026 23:09
bdb049de-9cd0-4d3a-8cee-6a39f7484b42,fuddled.diet,available,104.99,114.99,low,low,7,namesilo,,,09/08/2026 15:36
491b3def-043f-49f0-a997-a2d1b951f480,along.diet,available,104.99,114.99,high,high,5,namesilo,,,26/09/2026 00:12
4ca17392-bd70-4f7c-97d3-12c880149758,fte.diet,available,104.99,114.99,high,low,3,namesilo,,,29/09/2026 03:33
2f09020b-8c7f-449b-80c7-9c4f0eab934c,nurses.diet,available,104.99,114.99,medium,low,6,namesilo,,,28/09/2026 08:12
1354a88d-3674-4a5e-8e9b-4ac327704026,ranted.diet,available,104.99,114.99,low,low,6,namesilo,,,20/09/2026 16:55
26b39fc4-33d0-48d8-9f10-4da1f65c524e,threefold.diet,available,104.99,114.99,high,low,9,namesilo,,,14/08/2026 16:42
2cd6ad84-6962-4a77-89f5-ce2d35d66956,manslaughter.diet,available,104.99,114.99,medium,low,12,namesilo,,,28/09/2026 22:46
71bf7143-fba7-4178-83db-9593de3deb32,midautumn.diet,available,104.99,114.99,high,low,9,namesilo,,,17/09/2026 10:02
72ee0e5f-344c-4caa-95a9-8ca98d6c979e,acoustics.diet,available,104.99,114.99,high,low,9,namesilo,,,17/09/2026 02:36
bf82b810-6fd9-4baa-b7a0-f1e1a364b2a7,amberbell.diet,available,104.99,114.99,medium,low,9,namesilo,,,18/09/2026 16:32
d1087ce9-1591-4927-a100-e1df75d996ee,link.diet,available,104.99,114.99,high,medium,4,namesilo,,,22/09/2026 10:11
cba5cdcb-69e9-4a79-93eb-ee427550e326,cousins.diet,available,108.98,159.98,high,low,7,namecheap,,,19/09/2026 21:00
7519b369-251b-471d-bac8-10615a6b5e2f,touchstone.diet,available,104.99,114.99,high,low,10,namesilo,,,10/09/2026 18:36
1714b185-b986-4462-9db7-5b7b57e19aea,xxv.diet,available,104.99,114.99,medium,low,3,namesilo,,,21/09/2026 12:45